This is pdfTeX, Version 3.141592653-2.6-1.40.29 (TeX Live 2026) (preloaded format=pdflatex 2026.4.18)  21 APR 2026 21:33
entering extended mode
 restricted \write18 enabled.
 file:line:error style messages enabled.
 %&-line parsing enabled.
**c:/Users/pablo/OneDrive/Github/cfa-power/docs/_tex/index.tex
(c:/Users/pablo/OneDrive/Github/cfa-power/docs/_tex/index.tex
LaTeX2e <2025-11-01>
L3 programming layer <2026-03-20>
(c:/Users/pablo/AppData/Roaming/TinyTeX/texmf-dist/tex/latex/koma-script/scrartcl.cls
Document Class: scrartcl 2026/02/02 v3.49.2 KOMA-Script document class (article)
(c:/Users/pablo/AppData/Roaming/TinyTeX/texmf-dist/tex/latex/koma-script/scrkbase.sty
Package: scrkbase 2026/02/02 v3.49.2 KOMA-Script package (KOMA-Script-dependent basics and keyval usage)
 (c:/Users/pablo/AppData/Roaming/TinyTeX/texmf-dist/tex/latex/koma-script/scrbase.sty
Package: scrbase 2026/02/02 v3.49.2 KOMA-Script package (KOMA-Script-independent basics and keyval usage)
 (c:/Users/pablo/AppData/Roaming/TinyTeX/texmf-dist/tex/latex/koma-script/scrlfile.sty
Package: scrlfile 2026/02/02 v3.49.2 KOMA-Script package (file load hooks)
 (c:/Users/pablo/AppData/Roaming/TinyTeX/texmf-dist/tex/latex/koma-script/scrlfile-hook.sty
Package: scrlfile-hook 2026/02/02 v3.49.2 KOMA-Script package (using LaTeX hooks)
 (c:/Users/pablo/AppData/Roaming/TinyTeX/texmf-dist/tex/latex/koma-script/scrlogo.sty
Package: scrlogo 2026/02/02 v3.49.2 KOMA-Script package (logo)
))) (c:/Users/pablo/AppData/Roaming/TinyTeX/texmf-dist/tex/latex/graphics/keyval.sty
Package: keyval 2022/05/29 v1.15 key=value parser (DPC)
\KV@toks@=\toks17
)
Applying: [2021/05/01] Usage of raw or classic option list on input line 254.
Already applied: [0000/00/00] Usage of raw or classic option list on input line 370.
)) (c:/Users/pablo/AppData/Roaming/TinyTeX/texmf-dist/tex/latex/koma-script/tocbasic.sty
Package: tocbasic 2026/02/02 v3.49.2 KOMA-Script package (handling toc-files)
\scr@dte@tocline@numberwidth=\skip49
\scr@dte@tocline@numbox=\box53
)
Package tocbasic Info: omitting babel extension for `toc'
(tocbasic)             because of feature `nobabel' available
(tocbasic)             for `toc' on input line 141.
Class scrartcl Info: File `scrsize11pt.clo' used instead of
(scrartcl)           file `scrsize11.clo' to setup font sizes on input line 2489.
 (c:/Users/pablo/AppData/Roaming/TinyTeX/texmf-dist/tex/latex/koma-script/scrsize11pt.clo
File: scrsize11pt.clo 2026/02/02 v3.49.2 KOMA-Script font size class option (11pt)
) (c:/Users/pablo/AppData/Roaming/TinyTeX/texmf-dist/tex/latex/koma-script/typearea.sty
Package: typearea 2026/02/02 v3.49.2 KOMA-Script package (type area)
\ta@bcor=\skip50
\ta@div=\count275
Package typearea Info: You've used standard option `letterpaper'.
(typearea)             This is correct!
(typearea)             Internally I'm using `paper=letter'.
(typearea)             If you'd like to set the option with \KOMAoptions,
(typearea)             you'd have to use `paper=letter' there
(typearea)             instead of `letterpaper', too.
\ta@hblk=\skip51
\ta@vblk=\skip52
\ta@temp=\skip53
\footheight=\skip54
Package typearea Info: These are the values describing the layout:
(typearea)             DIV  = 11
(typearea)             BCOR = 0.0pt
(typearea)             \paperwidth      = 614.295pt
(typearea)              \textwidth      = 446.76004pt
(typearea)              DIV departure   = -14%
(typearea)              \evensidemargin = 11.49748pt
(typearea)              \oddsidemargin  = 11.49748pt
(typearea)             \paperheight     = 794.96999pt
(typearea)              \textheight     = 582.20026pt
(typearea)              \topmargin      = -37.40001pt
(typearea)              \headheight     = 17.0pt
(typearea)              \headsep        = 20.40001pt
(typearea)              \topskip        = 11.0pt
(typearea)              \footskip       = 47.6pt
(typearea)              \baselineskip   = 13.6pt
(typearea)              on input line 1810.
)
\c@part=\count276
\c@section=\count277
\c@subsection=\count278
\c@subsubsection=\count279
\c@paragraph=\count280
\c@subparagraph=\count281
\scr@dte@section@maxnumwidth=\skip55
Class scrartcl Info: using compatibility default `runin=bysign'
(scrartcl)           for `\section on input line 5015.
Class scrartcl Info: using compatibility default `afterindent=bysign'
(scrartcl)           for `\section on input line 5015.
\scr@dte@part@maxnumwidth=\skip56
Class scrartcl Info: using compatibility default `afterindent=false'
(scrartcl)           for `\part on input line 5023.
\scr@dte@subsection@maxnumwidth=\skip57
Class scrartcl Info: using compatibility default `runin=bysign'
(scrartcl)           for `\subsection on input line 5033.
Class scrartcl Info: using compatibility default `afterindent=bysign'
(scrartcl)           for `\subsection on input line 5033.
\scr@dte@subsubsection@maxnumwidth=\skip58
Class scrartcl Info: using compatibility default `runin=bysign'
(scrartcl)           for `\subsubsection on input line 5043.
Class scrartcl Info: using compatibility default `afterindent=bysign'
(scrartcl)           for `\subsubsection on input line 5043.
\scr@dte@paragraph@maxnumwidth=\skip59
Class scrartcl Info: using compatibility default `runin=bysign'
(scrartcl)           for `\paragraph on input line 5054.
Class scrartcl Info: using compatibility default `afterindent=bysign'
(scrartcl)           for `\paragraph on input line 5054.
\scr@dte@subparagraph@maxnumwidth=\skip60
Class scrartcl Info: using compatibility default `runin=bysign'
(scrartcl)           for `\subparagraph on input line 5064.
Class scrartcl Info: using compatibility default `afterindent=bysign'
(scrartcl)           for `\subparagraph on input line 5064.
\abovecaptionskip=\skip61
\belowcaptionskip=\skip62
\c@pti@nb@sid@b@x=\box54
Package tocbasic Info: omitting babel extension for `lof'
(tocbasic)             because of feature `nobabel' available
(tocbasic)             for `lof' on input line 6287.
\scr@dte@figure@maxnumwidth=\skip63
\c@figure=\count282
Package tocbasic Info: omitting babel extension for `lot'
(tocbasic)             because of feature `nobabel' available
(tocbasic)             for `lot' on input line 6299.
\scr@dte@table@maxnumwidth=\skip64
\c@table=\count283
Class scrartcl Info: Redefining `\numberline' on input line 6469.
\bibindent=\dimen150
) (c:/Users/pablo/AppData/Roaming/TinyTeX/texmf-dist/tex/latex/xcolor/xcolor.sty
Package: xcolor 2024/09/29 v3.02 LaTeX color extensions (UK)
 (c:/Users/pablo/AppData/Roaming/TinyTeX/texmf-dist/tex/latex/graphics-cfg/color.cfg
File: color.cfg 2016/01/02 v1.6 sample color configuration
)
Package xcolor Info: Driver file: pdftex.def on input line 274.
 (c:/Users/pablo/AppData/Roaming/TinyTeX/texmf-dist/tex/latex/graphics-def/pdftex.def
File: pdftex.def 2025/09/29 v1.2d Graphics/color driver for pdftex
) (c:/Users/pablo/AppData/Roaming/TinyTeX/texmf-dist/tex/latex/graphics/mathcolor.ltx)
Package xcolor Info: Model `cmy' substituted by `cmy0' on input line 1349.
Package xcolor Info: Model `hsb' substituted by `rgb' on input line 1353.
Package xcolor Info: Model `RGB' extended on input line 1365.
Package xcolor Info: Model `HTML' substituted by `rgb' on input line 1367.
Package xcolor Info: Model `Hsb' substituted by `hsb' on input line 1368.
Package xcolor Info: Model `tHsb' substituted by `hsb' on input line 1369.
Package xcolor Info: Model `HSB' substituted by `hsb' on input line 1370.
Package xcolor Info: Model `Gray' substituted by `gray' on input line 1371.
Package xcolor Info: Model `wave' substituted by `hsb' on input line 1372.
) (c:/Users/pablo/AppData/Roaming/TinyTeX/texmf-dist/tex/latex/graphics/dvipsnam.def
File: dvipsnam.def 2016/06/17 v3.0m Driver-dependent file (DPC,SPQR)
) (c:/Users/pablo/AppData/Roaming/TinyTeX/texmf-dist/tex/latex/xcolor/svgnam.def
File: svgnam.def 2024/09/29 v3.02 Predefined colors according to SVG 1.1 (UK)
) (c:/Users/pablo/AppData/Roaming/TinyTeX/texmf-dist/tex/latex/xcolor/x11nam.def
File: x11nam.def 2024/09/29 v3.02 Predefined colors according to Unix/X11 (UK)
) (c:/Users/pablo/AppData/Roaming/TinyTeX/texmf-dist/tex/latex/amsmath/amsmath.sty
Package: amsmath 2025/07/09 v2.17z AMS math features
\@mathmargin=\skip65

For additional information on amsmath, use the `?' option.
(c:/Users/pablo/AppData/Roaming/TinyTeX/texmf-dist/tex/latex/amsmath/amstext.sty
Package: amstext 2024/11/17 v2.01 AMS text
 (c:/Users/pablo/AppData/Roaming/TinyTeX/texmf-dist/tex/latex/amsmath/amsgen.sty
File: amsgen.sty 1999/11/30 v2.0 generic functions
\@emptytoks=\toks18
\ex@=\dimen151
)) (c:/Users/pablo/AppData/Roaming/TinyTeX/texmf-dist/tex/latex/amsmath/amsbsy.sty
Package: amsbsy 1999/11/29 v1.2d Bold Symbols
\pmbraise@=\dimen152
) (c:/Users/pablo/AppData/Roaming/TinyTeX/texmf-dist/tex/latex/amsmath/amsopn.sty
Package: amsopn 2022/04/08 v2.04 operator names
)
\inf@bad=\count284
LaTeX Info: Redefining \frac on input line 233.
\uproot@=\count285
\leftroot@=\count286
LaTeX Info: Redefining \overline on input line 398.
LaTeX Info: Redefining \colon on input line 409.
\classnum@=\count287
\DOTSCASE@=\count288
LaTeX Info: Redefining \ldots on input line 495.
LaTeX Info: Redefining \dots on input line 498.
LaTeX Info: Redefining \cdots on input line 619.
\Mathstrutbox@=\box55
\strutbox@=\box56
LaTeX Info: Redefining \big on input line 721.
LaTeX Info: Redefining \Big on input line 722.
LaTeX Info: Redefining \bigg on input line 723.
LaTeX Info: Redefining \Bigg on input line 724.
\big@size=\dimen153
LaTeX Font Info:    Redeclaring font encoding OML on input line 742.
LaTeX Font Info:    Redeclaring font encoding OMS on input line 743.
\macc@depth=\count289
LaTeX Info: Redefining \bmod on input line 904.
LaTeX Info: Redefining \pmod on input line 909.
LaTeX Info: Redefining \smash on input line 939.
LaTeX Info: Redefining \relbar on input line 969.
LaTeX Info: Redefining \Relbar on input line 970.
\c@MaxMatrixCols=\count290
\dotsspace@=\muskip17
\c@parentequation=\count291
\dspbrk@lvl=\count292
\tag@help=\toks19
\row@=\count293
\column@=\count294
\maxfields@=\count295
\andhelp@=\toks20
\eqnshift@=\dimen154
\alignsep@=\dimen155
\tagshift@=\dimen156
\tagwidth@=\dimen157
\totwidth@=\dimen158
\lineht@=\dimen159
\@envbody=\toks21
\multlinegap=\skip66
\multlinetaggap=\skip67
\mathdisplay@stack=\toks22
LaTeX Info: Redefining \[ on input line 2950.
LaTeX Info: Redefining \] on input line 2951.
) (c:/Users/pablo/AppData/Roaming/TinyTeX/texmf-dist/tex/latex/amsfonts/amssymb.sty
Package: amssymb 2013/01/14 v3.01 AMS font symbols
 (c:/Users/pablo/AppData/Roaming/TinyTeX/texmf-dist/tex/latex/amsfonts/amsfonts.sty
Package: amsfonts 2013/01/14 v3.01 Basic AMSFonts support
\symAMSa=\mathgroup4
\symAMSb=\mathgroup5
LaTeX Font Info:    Redeclaring math symbol \hbar on input line 98.
LaTeX Font Info:    Overwriting math alphabet `\mathfrak' in version `bold'
(Font)                  U/euf/m/n --> U/euf/b/n on input line 106.
)) (c:/Users/pablo/AppData/Roaming/TinyTeX/texmf-dist/tex/generic/iftex/iftex.sty
Package: iftex 2024/12/12 v1.0g TeX engine tests
) (c:/Users/pablo/AppData/Roaming/TinyTeX/texmf-dist/tex/latex/base/fontenc.sty
Package: fontenc 2025/07/18 v2.1d Standard LaTeX package
) (c:/Users/pablo/AppData/Roaming/TinyTeX/texmf-dist/tex/latex/base/inputenc.sty
Package: inputenc 2024/02/08 v1.3d Input encoding file
\inpenc@prehook=\toks23
\inpenc@posthook=\toks24
) (c:/Users/pablo/AppData/Roaming/TinyTeX/texmf-dist/tex/latex/base/textcomp.sty
Package: textcomp 2024/04/24 v2.1b Standard LaTeX package
) (c:/Users/pablo/AppData/Roaming/TinyTeX/texmf-dist/tex/latex/lm/lmodern.sty
Package: lmodern 2015/05/01 v1.6.1 Latin Modern Fonts
LaTeX Font Info:    Overwriting symbol font `operators' in version `normal'
(Font)                  OT1/cmr/m/n --> OT1/lmr/m/n on input line 22.
LaTeX Font Info:    Overwriting symbol font `letters' in version `normal'
(Font)                  OML/cmm/m/it --> OML/lmm/m/it on input line 23.
LaTeX Font Info:    Overwriting symbol font `symbols' in version `normal'
(Font)                  OMS/cmsy/m/n --> OMS/lmsy/m/n on input line 24.
LaTeX Font Info:    Overwriting symbol font `largesymbols' in version `normal'
(Font)                  OMX/cmex/m/n --> OMX/lmex/m/n on input line 25.
LaTeX Font Info:    Overwriting symbol font `operators' in version `bold'
(Font)                  OT1/cmr/bx/n --> OT1/lmr/bx/n on input line 26.
LaTeX Font Info:    Overwriting symbol font `letters' in version `bold'
(Font)                  OML/cmm/b/it --> OML/lmm/b/it on input line 27.
LaTeX Font Info:    Overwriting symbol font `symbols' in version `bold'
(Font)                  OMS/cmsy/b/n --> OMS/lmsy/b/n on input line 28.
LaTeX Font Info:    Overwriting symbol font `largesymbols' in version `bold'
(Font)                  OMX/cmex/m/n --> OMX/lmex/m/n on input line 29.
LaTeX Font Info:    Overwriting math alphabet `\mathbf' in version `normal'
(Font)                  OT1/cmr/bx/n --> OT1/lmr/bx/n on input line 31.
LaTeX Font Info:    Overwriting math alphabet `\mathsf' in version `normal'
(Font)                  OT1/cmss/m/n --> OT1/lmss/m/n on input line 32.
LaTeX Font Info:    Overwriting math alphabet `\mathit' in version `normal'
(Font)                  OT1/cmr/m/it --> OT1/lmr/m/it on input line 33.
LaTeX Font Info:    Overwriting math alphabet `\mathtt' in version `normal'
(Font)                  OT1/cmtt/m/n --> OT1/lmtt/m/n on input line 34.
LaTeX Font Info:    Overwriting math alphabet `\mathbf' in version `bold'
(Font)                  OT1/cmr/bx/n --> OT1/lmr/bx/n on input line 35.
LaTeX Font Info:    Overwriting math alphabet `\mathsf' in version `bold'
(Font)                  OT1/cmss/bx/n --> OT1/lmss/bx/n on input line 36.
LaTeX Font Info:    Overwriting math alphabet `\mathit' in version `bold'
(Font)                  OT1/cmr/bx/it --> OT1/lmr/bx/it on input line 37.
LaTeX Font Info:    Overwriting math alphabet `\mathtt' in version `bold'
(Font)                  OT1/cmtt/m/n --> OT1/lmtt/m/n on input line 38.
) (c:/Users/pablo/AppData/Roaming/TinyTeX/texmf-dist/tex/latex/upquote/upquote.sty
Package: upquote 2012/04/19 v1.3 upright-quote and grave-accent glyphs in verbatim
) (c:/Users/pablo/AppData/Roaming/TinyTeX/texmf-dist/tex/latex/microtype/microtype.sty
Package: microtype 2026/03/01 v3.2d Micro-typographical refinements (RS)
 (c:/Users/pablo/AppData/Roaming/TinyTeX/texmf-dist/tex/latex/etoolbox/etoolbox.sty
Package: etoolbox 2025/10/02 v2.5m e-TeX tools for LaTeX (JAW)
\etb@tempcnta=\count296
)
\MT@toks=\toks25
\MT@tempbox=\box57
\MT@count=\count297
LaTeX Info: Redefining \noprotrusionifhmode on input line 1084.
LaTeX Info: Redefining \leftprotrusion on input line 1085.
\MT@prot@toks=\toks26
LaTeX Info: Redefining \rightprotrusion on input line 1104.
LaTeX Info: Redefining \textls on input line 1449.
\MT@outer@kern=\dimen160
LaTeX Info: Redefining \microtypecontext on input line 2053.
LaTeX Info: Redefining \textmicrotypecontext on input line 2070.
\MT@listname@count=\count298
 (c:/Users/pablo/AppData/Roaming/TinyTeX/texmf-dist/tex/latex/microtype/microtype-pdftex.def
File: microtype-pdftex.def 2026/03/01 v3.2d Definitions specific to pdftex (RS)
LaTeX Info: Redefining \lsstyle on input line 944.
LaTeX Info: Redefining \lslig on input line 944.
\MT@outer@space=\skip68
)
Package microtype Info: Loading configuration file microtype.cfg.
 (c:/Users/pablo/AppData/Roaming/TinyTeX/texmf-dist/tex/latex/microtype/microtype.cfg
File: microtype.cfg 2026/03/01 v3.2d microtype main configuration file (RS)
)
LaTeX Info: Redefining \microtypesetup on input line 3065.
) (c:/Users/pablo/AppData/Roaming/TinyTeX/texmf-dist/tex/latex/tools/longtable.sty
Package: longtable 2025-10-13 v4.24 Multi-page Table package (DPC)
\LTleft=\skip69
\LTright=\skip70
\LTpre=\skip71
\LTpost=\skip72
\LTchunksize=\count299
\LTcapwidth=\dimen161
\LT@head=\box58
\LT@firsthead=\box59
\LT@foot=\box60
\LT@lastfoot=\box61
\LT@gbox=\box62
\LT@cols=\count300
\LT@rows=\count301
\c@LT@tables=\count302
\c@LT@chunks=\count303
\LT@p@ftn=\toks27
)
Class scrartcl Info: longtable captions redefined on input line 70.
 (c:/Users/pablo/AppData/Roaming/TinyTeX/texmf-dist/tex/latex/booktabs/booktabs.sty
Package: booktabs 2020/01/12 v1.61803398 Publication quality tables
\heavyrulewidth=\dimen162
\lightrulewidth=\dimen163
\cmidrulewidth=\dimen164
\belowrulesep=\dimen165
\belowbottomsep=\dimen166
\aboverulesep=\dimen167
\abovetopsep=\dimen168
\cmidrulesep=\dimen169
\cmidrulekern=\dimen170
\defaultaddspace=\dimen171
\@cmidla=\count304
\@cmidlb=\count305
\@aboverulesep=\dimen172
\@belowrulesep=\dimen173
\@thisruleclass=\count306
\@lastruleclass=\count307
\@thisrulewidth=\dimen174
) (c:/Users/pablo/AppData/Roaming/TinyTeX/texmf-dist/tex/latex/tools/array.sty
Package: array 2025/09/25 v2.6n Tabular extension package (FMi)
\col@sep=\dimen175
\ar@mcellbox=\box63
\extrarowheight=\dimen176
\NC@list=\toks28
\extratabsurround=\skip73
\backup@length=\skip74
\ar@cellbox=\box64
)
\c@none=\count308
 (c:/Users/pablo/AppData/Roaming/TinyTeX/texmf-dist/tex/latex/tools/calc.sty
Package: calc 2025/03/01 v4.3b Infix arithmetic (KKT,FJ)
\calc@Acount=\count309
\calc@Bcount=\count310
\calc@Adimen=\dimen177
\calc@Bdimen=\dimen178
\calc@Askip=\skip75
\calc@Bskip=\skip76
LaTeX Info: Redefining \setlength on input line 86.
LaTeX Info: Redefining \addtolength on input line 87.
\calc@Ccount=\count311
\calc@Cskip=\skip77
) (c:/Users/pablo/AppData/Roaming/TinyTeX/texmf-dist/tex/latex/footnotehyper/footnotehyper.sty
Package: footnotehyper 2025/11/15 v1.1f hyperref aware footnote.sty (JFB)
\FNH@notes=\box65
\FNH@width=\dimen179
\FNH@toks=\toks29
) (c:/Users/pablo/AppData/Roaming/TinyTeX/texmf-dist/tex/latex/graphics/graphicx.sty
Package: graphicx 2024/12/31 v1.2e Enhanced LaTeX Graphics (DPC,SPQR)
 (c:/Users/pablo/AppData/Roaming/TinyTeX/texmf-dist/tex/latex/graphics/graphics.sty
Package: graphics 2024/08/06 v1.4g Standard LaTeX Graphics (DPC,SPQR)
 (c:/Users/pablo/AppData/Roaming/TinyTeX/texmf-dist/tex/latex/graphics/trig.sty
Package: trig 2023/12/02 v1.11 sin cos tan (DPC)
) (c:/Users/pablo/AppData/Roaming/TinyTeX/texmf-dist/tex/latex/graphics-cfg/graphics.cfg
File: graphics.cfg 2016/06/04 v1.11 sample graphics configuration
)
Package graphics Info: Driver file: pdftex.def on input line 106.
)
\Gin@req@height=\dimen180
\Gin@req@width=\dimen181
)
\pandoc@box=\box66
\cslhangindent=\skip78
\csllabelwidth=\skip79
 (c:/Users/pablo/AppData/Roaming/TinyTeX/texmf-dist/tex/latex/tcolorbox/tcolorbox.sty
Package: tcolorbox 2025/11/28 version 6.9.0 text color boxes
 (c:/Users/pablo/AppData/Roaming/TinyTeX/texmf-dist/tex/latex/pgf/frontendlayer/tikz.sty (c:/Users/pablo/AppData/Roaming/TinyTeX/texmf-dist/tex/latex/pgf/basiclayer/pgf.sty (c:/Users/pablo/AppData/Roaming/TinyTeX/texmf-dist/tex/latex/pgf/utilities/pgfrcs.sty (c:/Users/pablo/AppData/Roaming/TinyTeX/texmf-dist/tex/generic/pgf/utilities/pgfutil-common.tex
\pgfutil@everybye=\toks30
\pgfutil@tempdima=\dimen182
\pgfutil@tempdimb=\dimen183
) (c:/Users/pablo/AppData/Roaming/TinyTeX/texmf-dist/tex/generic/pgf/utilities/pgfutil-latex.def
\pgfutil@abb=\box67
) (c:/Users/pablo/AppData/Roaming/TinyTeX/texmf-dist/tex/generic/pgf/utilities/pgfrcs.code.tex (c:/Users/pablo/AppData/Roaming/TinyTeX/texmf-dist/tex/generic/pgf/pgf.revision.tex)
Package: pgfrcs 2025-08-29 v3.1.11a (3.1.11a)
))
Package: pgf 2025-08-29 v3.1.11a (3.1.11a)
 (c:/Users/pablo/AppData/Roaming/TinyTeX/texmf-dist/tex/latex/pgf/basiclayer/pgfcore.sty (c:/Users/pablo/AppData/Roaming/TinyTeX/texmf-dist/tex/latex/pgf/systemlayer/pgfsys.sty (c:/Users/pablo/AppData/Roaming/TinyTeX/texmf-dist/tex/generic/pgf/systemlayer/pgfsys.code.tex
Package: pgfsys 2025-08-29 v3.1.11a (3.1.11a)
 (c:/Users/pablo/AppData/Roaming/TinyTeX/texmf-dist/tex/generic/pgf/utilities/pgfkeys.code.tex
\pgfkeys@pathtoks=\toks31
\pgfkeys@temptoks=\toks32
 (c:/Users/pablo/AppData/Roaming/TinyTeX/texmf-dist/tex/generic/pgf/utilities/pgfkeyslibraryfiltered.code.tex
\pgfkeys@tmptoks=\toks33
))
\pgf@x=\dimen184
\pgf@y=\dimen185
\pgf@xa=\dimen186
\pgf@ya=\dimen187
\pgf@xb=\dimen188
\pgf@yb=\dimen189
\pgf@xc=\dimen190
\pgf@yc=\dimen191
\pgf@xd=\dimen192
\pgf@yd=\dimen193
\w@pgf@writea=\write3
\r@pgf@reada=\read2
\c@pgf@counta=\count312
\c@pgf@countb=\count313
\c@pgf@countc=\count314
\c@pgf@countd=\count315
\t@pgf@toka=\toks34
\t@pgf@tokb=\toks35
\t@pgf@tokc=\toks36
\pgf@sys@id@count=\count316
 (c:/Users/pablo/AppData/Roaming/TinyTeX/texmf-dist/tex/generic/pgf/systemlayer/pgf.cfg
File: pgf.cfg 2025-08-29 v3.1.11a (3.1.11a)
)
Driver file for pgf: pgfsys-pdftex.def
 (c:/Users/pablo/AppData/Roaming/TinyTeX/texmf-dist/tex/generic/pgf/systemlayer/pgfsys-pdftex.def
File: pgfsys-pdftex.def 2025-08-29 v3.1.11a (3.1.11a)
 (c:/Users/pablo/AppData/Roaming/TinyTeX/texmf-dist/tex/generic/pgf/systemlayer/pgfsys-common-pdf.def
File: pgfsys-common-pdf.def 2025-08-29 v3.1.11a (3.1.11a)
))) (c:/Users/pablo/AppData/Roaming/TinyTeX/texmf-dist/tex/generic/pgf/systemlayer/pgfsyssoftpath.code.tex
File: pgfsyssoftpath.code.tex 2025-08-29 v3.1.11a (3.1.11a)
\pgfsyssoftpath@smallbuffer@items=\count317
\pgfsyssoftpath@bigbuffer@items=\count318
) (c:/Users/pablo/AppData/Roaming/TinyTeX/texmf-dist/tex/generic/pgf/systemlayer/pgfsysprotocol.code.tex
File: pgfsysprotocol.code.tex 2025-08-29 v3.1.11a (3.1.11a)
)) (c:/Users/pablo/AppData/Roaming/TinyTeX/texmf-dist/tex/generic/pgf/basiclayer/pgfcore.code.tex
Package: pgfcore 2025-08-29 v3.1.11a (3.1.11a)
 (c:/Users/pablo/AppData/Roaming/TinyTeX/texmf-dist/tex/generic/pgf/math/pgfmath.code.tex (c:/Users/pablo/AppData/Roaming/TinyTeX/texmf-dist/tex/generic/pgf/math/pgfmathutil.code.tex) (c:/Users/pablo/AppData/Roaming/TinyTeX/texmf-dist/tex/generic/pgf/math/pgfmathparser.code.tex
\pgfmath@dimen=\dimen194
\pgfmath@count=\count319
\pgfmath@box=\box68
\pgfmath@toks=\toks37
\pgfmath@stack@operand=\toks38
\pgfmath@stack@operation=\toks39
) (c:/Users/pablo/AppData/Roaming/TinyTeX/texmf-dist/tex/generic/pgf/math/pgfmathfunctions.code.tex) (c:/Users/pablo/AppData/Roaming/TinyTeX/texmf-dist/tex/generic/pgf/math/pgfmathfunctions.basic.code.tex) (c:/Users/pablo/AppData/Roaming/TinyTeX/texmf-dist/tex/generic/pgf/math/pgfmathfunctions.trigonometric.code.tex) (c:/Users/pablo/AppData/Roaming/TinyTeX/texmf-dist/tex/generic/pgf/math/pgfmathfunctions.random.code.tex) (c:/Users/pablo/AppData/Roaming/TinyTeX/texmf-dist/tex/generic/pgf/math/pgfmathfunctions.comparison.code.tex) (c:/Users/pablo/AppData/Roaming/TinyTeX/texmf-dist/tex/generic/pgf/math/pgfmathfunctions.base.code.tex) (c:/Users/pablo/AppData/Roaming/TinyTeX/texmf-dist/tex/generic/pgf/math/pgfmathfunctions.round.code.tex) (c:/Users/pablo/AppData/Roaming/TinyTeX/texmf-dist/tex/generic/pgf/math/pgfmathfunctions.misc.code.tex) (c:/Users/pablo/AppData/Roaming/TinyTeX/texmf-dist/tex/generic/pgf/math/pgfmathfunctions.integerarithmetics.code.tex) (c:/Users/pablo/AppData/Roaming/TinyTeX/texmf-dist/tex/generic/pgf/math/pgfmathcalc.code.tex) (c:/Users/pablo/AppData/Roaming/TinyTeX/texmf-dist/tex/generic/pgf/math/pgfmathfloat.code.tex
\c@pgfmathroundto@lastzeros=\count320
)) (c:/Users/pablo/AppData/Roaming/TinyTeX/texmf-dist/tex/generic/pgf/math/pgfint.code.tex) (c:/Users/pablo/AppData/Roaming/TinyTeX/texmf-dist/tex/generic/pgf/basiclayer/pgfcorepoints.code.tex
File: pgfcorepoints.code.tex 2025-08-29 v3.1.11a (3.1.11a)
\pgf@picminx=\dimen195
\pgf@picmaxx=\dimen196
\pgf@picminy=\dimen197
\pgf@picmaxy=\dimen198
\pgf@pathminx=\dimen199
\pgf@pathmaxx=\dimen256
\pgf@pathminy=\dimen257
\pgf@pathmaxy=\dimen258
\pgf@xx=\dimen259
\pgf@xy=\dimen260
\pgf@yx=\dimen261
\pgf@yy=\dimen262
\pgf@zx=\dimen263
\pgf@zy=\dimen264
) (c:/Users/pablo/AppData/Roaming/TinyTeX/texmf-dist/tex/generic/pgf/basiclayer/pgfcorepathconstruct.code.tex
File: pgfcorepathconstruct.code.tex 2025-08-29 v3.1.11a (3.1.11a)
\pgf@path@lastx=\dimen265
\pgf@path@lasty=\dimen266
) (c:/Users/pablo/AppData/Roaming/TinyTeX/texmf-dist/tex/generic/pgf/basiclayer/pgfcorepathusage.code.tex
File: pgfcorepathusage.code.tex 2025-08-29 v3.1.11a (3.1.11a)
\pgf@shorten@end@additional=\dimen267
\pgf@shorten@start@additional=\dimen268
) (c:/Users/pablo/AppData/Roaming/TinyTeX/texmf-dist/tex/generic/pgf/basiclayer/pgfcorescopes.code.tex
File: pgfcorescopes.code.tex 2025-08-29 v3.1.11a (3.1.11a)
\pgfpic=\box69
\pgf@hbox=\box70
\pgf@layerbox@main=\box71
\pgf@picture@serial@count=\count321
) (c:/Users/pablo/AppData/Roaming/TinyTeX/texmf-dist/tex/generic/pgf/basiclayer/pgfcoregraphicstate.code.tex
File: pgfcoregraphicstate.code.tex 2025-08-29 v3.1.11a (3.1.11a)
\pgflinewidth=\dimen269
) (c:/Users/pablo/AppData/Roaming/TinyTeX/texmf-dist/tex/generic/pgf/basiclayer/pgfcoretransformations.code.tex
File: pgfcoretransformations.code.tex 2025-08-29 v3.1.11a (3.1.11a)
\pgf@pt@x=\dimen270
\pgf@pt@y=\dimen271
\pgf@pt@temp=\dimen272
) (c:/Users/pablo/AppData/Roaming/TinyTeX/texmf-dist/tex/generic/pgf/basiclayer/pgfcorequick.code.tex
File: pgfcorequick.code.tex 2025-08-29 v3.1.11a (3.1.11a)
) (c:/Users/pablo/AppData/Roaming/TinyTeX/texmf-dist/tex/generic/pgf/basiclayer/pgfcoreobjects.code.tex
File: pgfcoreobjects.code.tex 2025-08-29 v3.1.11a (3.1.11a)
) (c:/Users/pablo/AppData/Roaming/TinyTeX/texmf-dist/tex/generic/pgf/basiclayer/pgfcorepathprocessing.code.tex
File: pgfcorepathprocessing.code.tex 2025-08-29 v3.1.11a (3.1.11a)
) (c:/Users/pablo/AppData/Roaming/TinyTeX/texmf-dist/tex/generic/pgf/basiclayer/pgfcorearrows.code.tex
File: pgfcorearrows.code.tex 2025-08-29 v3.1.11a (3.1.11a)
\pgfarrowsep=\dimen273
) (c:/Users/pablo/AppData/Roaming/TinyTeX/texmf-dist/tex/generic/pgf/basiclayer/pgfcoreshade.code.tex
File: pgfcoreshade.code.tex 2025-08-29 v3.1.11a (3.1.11a)
\pgf@max=\dimen274
\pgf@sys@shading@range@num=\count322
\pgf@shadingcount=\count323
) (c:/Users/pablo/AppData/Roaming/TinyTeX/texmf-dist/tex/generic/pgf/basiclayer/pgfcoreimage.code.tex
File: pgfcoreimage.code.tex 2025-08-29 v3.1.11a (3.1.11a)
) (c:/Users/pablo/AppData/Roaming/TinyTeX/texmf-dist/tex/generic/pgf/basiclayer/pgfcoreexternal.code.tex
File: pgfcoreexternal.code.tex 2025-08-29 v3.1.11a (3.1.11a)
\pgfexternal@startupbox=\box72
) (c:/Users/pablo/AppData/Roaming/TinyTeX/texmf-dist/tex/generic/pgf/basiclayer/pgfcorelayers.code.tex
File: pgfcorelayers.code.tex 2025-08-29 v3.1.11a (3.1.11a)
) (c:/Users/pablo/AppData/Roaming/TinyTeX/texmf-dist/tex/generic/pgf/basiclayer/pgfcoretransparency.code.tex
File: pgfcoretransparency.code.tex 2025-08-29 v3.1.11a (3.1.11a)
) (c:/Users/pablo/AppData/Roaming/TinyTeX/texmf-dist/tex/generic/pgf/basiclayer/pgfcorepatterns.code.tex
File: pgfcorepatterns.code.tex 2025-08-29 v3.1.11a (3.1.11a)
) (c:/Users/pablo/AppData/Roaming/TinyTeX/texmf-dist/tex/generic/pgf/basiclayer/pgfcorerdf.code.tex
File: pgfcorerdf.code.tex 2025-08-29 v3.1.11a (3.1.11a)
))) (c:/Users/pablo/AppData/Roaming/TinyTeX/texmf-dist/tex/generic/pgf/modules/pgfmoduleshapes.code.tex
File: pgfmoduleshapes.code.tex 2025-08-29 v3.1.11a (3.1.11a)
\pgfnodeparttextbox=\box73
) (c:/Users/pablo/AppData/Roaming/TinyTeX/texmf-dist/tex/generic/pgf/modules/pgfmoduleplot.code.tex
File: pgfmoduleplot.code.tex 2025-08-29 v3.1.11a (3.1.11a)
) (c:/Users/pablo/AppData/Roaming/TinyTeX/texmf-dist/tex/latex/pgf/compatibility/pgfcomp-version-0-65.sty
Package: pgfcomp-version-0-65 2025-08-29 v3.1.11a (3.1.11a)
\pgf@nodesepstart=\dimen275
\pgf@nodesepend=\dimen276
) (c:/Users/pablo/AppData/Roaming/TinyTeX/texmf-dist/tex/latex/pgf/compatibility/pgfcomp-version-1-18.sty
Package: pgfcomp-version-1-18 2025-08-29 v3.1.11a (3.1.11a)
)) (c:/Users/pablo/AppData/Roaming/TinyTeX/texmf-dist/tex/latex/pgf/utilities/pgffor.sty (c:/Users/pablo/AppData/Roaming/TinyTeX/texmf-dist/tex/latex/pgf/utilities/pgfkeys.sty (c:/Users/pablo/AppData/Roaming/TinyTeX/texmf-dist/tex/generic/pgf/utilities/pgfkeys.code.tex)) (c:/Users/pablo/AppData/Roaming/TinyTeX/texmf-dist/tex/latex/pgf/math/pgfmath.sty (c:/Users/pablo/AppData/Roaming/TinyTeX/texmf-dist/tex/generic/pgf/math/pgfmath.code.tex)) (c:/Users/pablo/AppData/Roaming/TinyTeX/texmf-dist/tex/generic/pgf/utilities/pgffor.code.tex
Package: pgffor 2025-08-29 v3.1.11a (3.1.11a)
\pgffor@iter=\dimen277
\pgffor@skip=\dimen278
\pgffor@stack=\toks40
\pgffor@toks=\toks41
)) (c:/Users/pablo/AppData/Roaming/TinyTeX/texmf-dist/tex/generic/pgf/frontendlayer/tikz/tikz.code.tex
Package: tikz 2025-08-29 v3.1.11a (3.1.11a)
 (c:/Users/pablo/AppData/Roaming/TinyTeX/texmf-dist/tex/generic/pgf/libraries/pgflibraryplothandlers.code.tex
File: pgflibraryplothandlers.code.tex 2025-08-29 v3.1.11a (3.1.11a)
\pgf@plot@mark@count=\count324
\pgfplotmarksize=\dimen279
)
\tikz@lastx=\dimen280
\tikz@lasty=\dimen281
\tikz@lastxsaved=\dimen282
\tikz@lastysaved=\dimen283
\tikz@lastmovetox=\dimen284
\tikz@lastmovetoy=\dimen285
\tikzleveldistance=\dimen286
\tikzsiblingdistance=\dimen287
\tikz@figbox=\box74
\tikz@figbox@bg=\box75
\tikz@tempbox=\box76
\tikz@tempbox@bg=\box77
\tikztreelevel=\count325
\tikznumberofchildren=\count326
\tikznumberofcurrentchild=\count327
\tikz@fig@count=\count328
 (c:/Users/pablo/AppData/Roaming/TinyTeX/texmf-dist/tex/generic/pgf/modules/pgfmodulematrix.code.tex
File: pgfmodulematrix.code.tex 2025-08-29 v3.1.11a (3.1.11a)
\pgfmatrixcurrentrow=\count329
\pgfmatrixcurrentcolumn=\count330
\pgf@matrix@numberofcolumns=\count331
)
\tikz@expandcount=\count332
 (c:/Users/pablo/AppData/Roaming/TinyTeX/texmf-dist/tex/generic/pgf/frontendlayer/tikz/libraries/tikzlibrarytopaths.code.tex
File: tikzlibrarytopaths.code.tex 2025-08-29 v3.1.11a (3.1.11a)
))) (c:/Users/pablo/AppData/Roaming/TinyTeX/texmf-dist/tex/latex/tools/verbatim.sty
Package: verbatim 2024-01-22 v1.5x LaTeX2e package for verbatim enhancements
\every@verbatim=\toks42
\verbatim@line=\toks43
\verbatim@in@stream=\read3
) (c:/Users/pablo/AppData/Roaming/TinyTeX/texmf-dist/tex/latex/environ/environ.sty
Package: environ 2014/05/04 v0.3 A new way to define environments
 (c:/Users/pablo/AppData/Roaming/TinyTeX/texmf-dist/tex/latex/trimspaces/trimspaces.sty
Package: trimspaces 2009/09/17 v1.1 Trim spaces around a token list
))
\tcb@titlebox=\box78
\tcb@upperbox=\box79
\tcb@lowerbox=\box80
\tcb@phantombox=\box81
\c@tcbbreakpart=\count333
\c@tcblayer=\count334
\c@tcolorbox@number=\count335
\l__tcobox_tmpa_box=\box82
\l__tcobox_tmpa_dim=\dimen288
\tcb@temp=\box83
\tcb@temp=\box84
\tcb@temp=\box85
\tcb@temp=\box86
 (c:/Users/pablo/AppData/Roaming/TinyTeX/texmf-dist/tex/latex/tcolorbox/tcbskins.code.tex
Library (tcolorbox): 'tcbskins.code.tex' version '6.9.0'
(c:/Users/pablo/AppData/Roaming/TinyTeX/texmf-dist/tex/latex/tikzfill/tikzfill.image.sty
Package: tikzfill.image 2026/03/26 v1.1.0 Image filling library for TikZ
 (c:/Users/pablo/AppData/Roaming/TinyTeX/texmf-dist/tex/latex/tikzfill/tikzlibraryfill.image.code.tex
File: tikzlibraryfill.image.code.tex 2026/03/26 v1.1.0 Image filling library
\l__tikzfill_tmpa_dim=\dimen289
\l__tikzfill_tmpb_dim=\dimen290
\l__tikzfill_img_box=\box87
)) (c:/Users/pablo/AppData/Roaming/TinyTeX/texmf-dist/tex/latex/tcolorbox/tcbskinsjigsaw.code.tex
Library (tcolorbox): 'tcbskinsjigsaw.code.tex' version '6.9.0'
)) (c:/Users/pablo/AppData/Roaming/TinyTeX/texmf-dist/tex/latex/tcolorbox/tcbbreakable.code.tex
Library (tcolorbox): 'tcbbreakable.code.tex' version '6.9.0'
(c:/Users/pablo/AppData/Roaming/TinyTeX/texmf-dist/tex/latex/pdfcol/pdfcol.sty
Package: pdfcol 2022-09-21 v1.7 Handle new color stacks for pdfTeX (HO)
 (c:/Users/pablo/AppData/Roaming/TinyTeX/texmf-dist/tex/generic/ltxcmds/ltxcmds.sty
Package: ltxcmds 2023-12-04 v1.26 LaTeX kernel commands for general use (HO)
) (c:/Users/pablo/AppData/Roaming/TinyTeX/texmf-dist/tex/generic/infwarerr/infwarerr.sty
Package: infwarerr 2019/12/03 v1.5 Providing info/warning/error messages (HO)
))
Package pdfcol Info: New color stack `tcb@breakable' = 1 on input line 23.
\tcb@testbox=\box88
\tcb@totalupperbox=\box89
\tcb@totallowerbox=\box90
)) (c:/Users/pablo/AppData/Roaming/TinyTeX/texmf-dist/tex/latex/fontawesome5/fontawesome5.sty (c:/Users/pablo/AppData/Roaming/TinyTeX/texmf-dist/tex/latex/l3kernel/expl3.sty
Package: expl3 2026-03-20 L3 programming layer (loader) 
 (c:/Users/pablo/AppData/Roaming/TinyTeX/texmf-dist/tex/latex/l3backend/l3backend-pdftex.def
File: l3backend-pdftex.def 2026-02-18 L3 backend support: PDF output (pdfTeX)
\l__color_backend_stack_int=\count336
))
Package: fontawesome5 2022/05/02 v5.15.4 Font Awesome 5
 (c:/Users/pablo/AppData/Roaming/TinyTeX/texmf-dist/tex/latex/l3packages/l3keys2e/l3keys2e.sty
Package: l3keys2e 2025-10-09 LaTeX2e option processing using LaTeX3 keys
) (c:/Users/pablo/AppData/Roaming/TinyTeX/texmf-dist/tex/latex/l3packages/xparse/xparse.sty
Package: xparse 2025-10-09 L3 Experimental document command parser
) (c:/Users/pablo/AppData/Roaming/TinyTeX/texmf-dist/tex/latex/fontawesome5/fontawesome5-generic-helper.sty
Package: fontawesome5-generic-helper 2022/05/02 v5.15.4 non-uTeX helper for fontawesome5
 (c:/Users/pablo/AppData/Roaming/TinyTeX/texmf-dist/tex/latex/fontawesome5/fontawesome5-mapping.def))) (c:/Users/pablo/AppData/Roaming/TinyTeX/texmf-dist/tex/latex/caption/caption.sty
Package: caption 2023/08/05 v3.6o Customizing captions (AR)

Package tocbasic Info: Loading of class-dependent code for package caption3
(tocbasic)             prevented on line 50.

 (c:/Users/pablo/AppData/Roaming/TinyTeX/texmf-dist/tex/latex/caption/caption3.sty
Package: caption3 2023/07/31 v2.4d caption3 kernel (AR)
\caption@tempdima=\dimen291
\captionmargin=\dimen292
\caption@leftmargin=\dimen293
\caption@rightmargin=\dimen294
\caption@width=\dimen295
\caption@indent=\dimen296
\caption@parindent=\dimen297
\caption@hangindent=\dimen298
)
\c@caption@flags=\count337
\c@continuedfloat=\count338
Package caption Info: longtable package is loaded.
 (c:/Users/pablo/AppData/Roaming/TinyTeX/texmf-dist/tex/latex/caption/ltcaption.sty
Package: ltcaption 2021/01/08 v1.4c longtable captions (AR)
)) (c:/Users/pablo/AppData/Roaming/TinyTeX/texmf-dist/tex/latex/float/float.sty
Package: float 2001/11/08 v1.3d Float enhancements (AL)
\c@float@type=\count339
\float@exts=\toks44
\float@box=\box91
\@float@everytoks=\toks45
\@floatcapt=\box92
)
\@float@every@codelisting=\toks46
\c@codelisting=\count340
 (c:/Users/pablo/AppData/Roaming/TinyTeX/texmf-dist/tex/latex/caption/subcaption.sty
Package: subcaption 2023/07/28 v1.6b Sub-captions (AR)
Package caption Info: New subtype `subfigure' on input line 238.
\c@subfigure=\count341
Package caption Info: New subtype `subtable' on input line 238.
\c@subtable=\count342
) (c:/Users/pablo/AppData/Roaming/TinyTeX/texmf-dist/tex/latex/bookmark/bookmark.sty
Package: bookmark 2023-12-10 v1.31 PDF bookmarks (HO)
 (c:/Users/pablo/AppData/Roaming/TinyTeX/texmf-dist/tex/latex/hyperref/hyperref.sty
Package: hyperref 2026-01-29 v7.01p Hypertext links for LaTeX
 (c:/Users/pablo/AppData/Roaming/TinyTeX/texmf-dist/tex/latex/kvsetkeys/kvsetkeys.sty
Package: kvsetkeys 2022-10-05 v1.19 Key value parser (HO)
) (c:/Users/pablo/AppData/Roaming/TinyTeX/texmf-dist/tex/generic/kvdefinekeys/kvdefinekeys.sty
Package: kvdefinekeys 2019-12-19 v1.6 Define keys (HO)
) (c:/Users/pablo/AppData/Roaming/TinyTeX/texmf-dist/tex/generic/pdfescape/pdfescape.sty
Package: pdfescape 2019/12/09 v1.15 Implements pdfTeX's escape features (HO)
 (c:/Users/pablo/AppData/Roaming/TinyTeX/texmf-dist/tex/generic/pdftexcmds/pdftexcmds.sty
Package: pdftexcmds 2020-06-27 v0.33 Utility functions of pdfTeX for LuaTeX (HO)
Package pdftexcmds Info: \pdf@primitive is available.
Package pdftexcmds Info: \pdf@ifprimitive is available.
Package pdftexcmds Info: \pdfdraftmode found.
)) (c:/Users/pablo/AppData/Roaming/TinyTeX/texmf-dist/tex/latex/hycolor/hycolor.sty
Package: hycolor 2020-01-27 v1.10 Color options for hyperref/bookmark (HO)
) (c:/Users/pablo/AppData/Roaming/TinyTeX/texmf-dist/tex/latex/hyperref/nameref.sty
Package: nameref 2026-01-29 v2.58 Cross-referencing by name of section
 (c:/Users/pablo/AppData/Roaming/TinyTeX/texmf-dist/tex/latex/refcount/refcount.sty
Package: refcount 2019/12/15 v3.6 Data extraction from label references (HO)
) (c:/Users/pablo/AppData/Roaming/TinyTeX/texmf-dist/tex/generic/gettitlestring/gettitlestring.sty
Package: gettitlestring 2019/12/15 v1.6 Cleanup title references (HO)
 (c:/Users/pablo/AppData/Roaming/TinyTeX/texmf-dist/tex/latex/kvoptions/kvoptions.sty
Package: kvoptions 2022-06-15 v3.15 Key value format for package options (HO)
))
\c@section@level=\count343
) (c:/Users/pablo/AppData/Roaming/TinyTeX/texmf-dist/tex/generic/stringenc/stringenc.sty
Package: stringenc 2019/11/29 v1.12 Convert strings between diff. encodings (HO)
)
\@linkdim=\dimen299
\Hy@linkcounter=\count344
\Hy@pagecounter=\count345
 (c:/Users/pablo/AppData/Roaming/TinyTeX/texmf-dist/tex/latex/hyperref/pd1enc.def
File: pd1enc.def 2026-01-29 v7.01p Hyperref: PDFDocEncoding definition (HO)
Now handling font encoding PD1 ...
... no UTF-8 mapping file for font encoding PD1
) (c:/Users/pablo/AppData/Roaming/TinyTeX/texmf-dist/tex/generic/intcalc/intcalc.sty
Package: intcalc 2019/12/15 v1.3 Expandable calculations with integers (HO)
)
\Hy@SavedSpaceFactor=\count346
 (c:/Users/pablo/AppData/Roaming/TinyTeX/texmf-dist/tex/latex/hyperref/puenc.def
File: puenc.def 2026-01-29 v7.01p Hyperref: PDF Unicode definition (HO)
Now handling font encoding PU ...
... no UTF-8 mapping file for font encoding PU
)
Package hyperref Info: Option `unicode' set `true' on input line 4072.
Package hyperref Info: Hyper figures OFF on input line 4201.
Package hyperref Info: Link nesting OFF on input line 4206.
Package hyperref Info: Hyper index ON on input line 4209.
Package hyperref Info: Plain pages OFF on input line 4216.
Package hyperref Info: Backreferencing OFF on input line 4221.
Package hyperref Info: Implicit mode ON; LaTeX internals redefined.
Package hyperref Info: Bookmarks ON on input line 4468.
\c@Hy@tempcnt=\count347
 (c:/Users/pablo/AppData/Roaming/TinyTeX/texmf-dist/tex/latex/url/url.sty
\Urlmuskip=\muskip18
Package: url 2013/09/16  ver 3.4  Verb mode for urls, etc.
)
LaTeX Info: Redefining \url on input line 4807.
\XeTeXLinkMargin=\dimen300
 (c:/Users/pablo/AppData/Roaming/TinyTeX/texmf-dist/tex/generic/bitset/bitset.sty
Package: bitset 2019/12/09 v1.3 Handle bit-vector datatype (HO)
 (c:/Users/pablo/AppData/Roaming/TinyTeX/texmf-dist/tex/generic/bigintcalc/bigintcalc.sty
Package: bigintcalc 2019/12/15 v1.5 Expandable calculations on big integers (HO)
))
\Fld@menulength=\count348
\Field@Width=\dimen301
\Fld@charsize=\dimen302
Package hyperref Info: Hyper figures OFF on input line 6084.
Package hyperref Info: Link nesting OFF on input line 6089.
Package hyperref Info: Hyper index ON on input line 6092.
Package hyperref Info: backreferencing OFF on input line 6099.
Package hyperref Info: Link coloring OFF on input line 6104.
Package hyperref Info: Link coloring with OCG OFF on input line 6109.
Package hyperref Info: PDF/A mode OFF on input line 6114.
\Hy@abspage=\count349
\c@Item=\count350
\c@Hfootnote=\count351
)
Package hyperref Info: Driver (autodetected): hpdftex.
 (c:/Users/pablo/AppData/Roaming/TinyTeX/texmf-dist/tex/latex/hyperref/hpdftex.def
File: hpdftex.def 2026-01-29 v7.01p Hyperref driver for pdfTeX
\Fld@listcount=\count352
\c@bookmark@seq@number=\count353
 (c:/Users/pablo/AppData/Roaming/TinyTeX/texmf-dist/tex/latex/rerunfilecheck/rerunfilecheck.sty
Package: rerunfilecheck 2025-06-21 v1.11 Rerun checks for auxiliary files (HO)
 (c:/Users/pablo/AppData/Roaming/TinyTeX/texmf-dist/tex/generic/uniquecounter/uniquecounter.sty
Package: uniquecounter 2019/12/15 v1.4 Provide unlimited unique counter (HO)
)
Package uniquecounter Info: New unique counter `rerunfilecheck' on input line 284.
)
\Hy@SectionHShift=\skip80
) (c:/Users/pablo/AppData/Roaming/TinyTeX/texmf-dist/tex/latex/bookmark/bkm-pdftex.def
File: bkm-pdftex.def 2023-12-10 v1.31 bookmark driver for pdfTeX and luaTeX (HO)
\BKM@id=\count354
)) (c:/Users/pablo/AppData/Roaming/TinyTeX/texmf-dist/tex/latex/xurl/xurl.sty
Package: xurl 2022/01/09 v 0.10 modify URL breaks
)
Package hyperref Info: Option `colorlinks' set `true' on input line 214.
LaTeX Font Info:    Trying to load font information for T1+lmr on input line 228.
 (c:/Users/pablo/AppData/Roaming/TinyTeX/texmf-dist/tex/latex/lm/t1lmr.fd
File: t1lmr.fd 2015/05/01 v1.6.1 Font defs for Latin Modern
)
No file index.aux.
\openout1 = `index.aux'.

LaTeX Font Info:    Checking defaults for OML/cmm/m/it on input line 228.
LaTeX Font Info:    ... okay on input line 228.
LaTeX Font Info:    Checking defaults for OMS/cmsy/m/n on input line 228.
LaTeX Font Info:    ... okay on input line 228.
LaTeX Font Info:    Checking defaults for OT1/cmr/m/n on input line 228.
LaTeX Font Info:    ... okay on input line 228.
LaTeX Font Info:    Checking defaults for T1/cmr/m/n on input line 228.
LaTeX Font Info:    ... okay on input line 228.
LaTeX Font Info:    Checking defaults for TS1/cmr/m/n on input line 228.
LaTeX Font Info:    ... okay on input line 228.
LaTeX Font Info:    Checking defaults for OMX/cmex/m/n on input line 228.
LaTeX Font Info:    ... okay on input line 228.
LaTeX Font Info:    Checking defaults for U/cmr/m/n on input line 228.
LaTeX Font Info:    ... okay on input line 228.
LaTeX Font Info:    Checking defaults for PD1/pdf/m/n on input line 228.
LaTeX Font Info:    ... okay on input line 228.
LaTeX Font Info:    Checking defaults for PU/pdf/m/n on input line 228.
LaTeX Font Info:    ... okay on input line 228.
Package scrbase Info: activating english \abstractname on input line 228.
Package scrbase Info: activating english \partname on input line 228.
Package scrbase Info: activating english \figurename on input line 228.
Package scrbase Info: activating english \tablename on input line 228.
Package scrbase Info: activating english \contentsname on input line 228.
Package scrbase Info: activating english \listfigurename on input line 228.
Package scrbase Info: activating english \listtablename on input line 228.
Package scrbase Info: activating english \refname on input line 228.
Package scrbase Info: activating english \indexname on input line 228.
(c:/Users/pablo/AppData/Roaming/TinyTeX/texmf-dist/tex/context/base/mkii/supp-pdf.mkii
[Loading MPS to PDF converter (version 2006.09.02).]
\scratchcounter=\count355
\scratchdimen=\dimen303
\scratchbox=\box93
\nofMPsegments=\count356
\nofMParguments=\count357
\everyMPshowfont=\toks47
\MPscratchCnt=\count358
\MPscratchDim=\dimen304
\MPnumerator=\count359
\makeMPintoPDFobject=\count360
\everyMPtoPDFconversion=\toks48
) (c:/Users/pablo/AppData/Roaming/TinyTeX/texmf-dist/tex/latex/epstopdf-pkg/epstopdf-base.sty
Package: epstopdf-base 2020-01-24 v2.11 Base part for package epstopdf
Package epstopdf-base Info: Redefining graphics rule for `.eps' on input line 485.
 (c:/Users/pablo/AppData/Roaming/TinyTeX/texmf-dist/tex/latex/latexconfig/epstopdf-sys.cfg
File: epstopdf-sys.cfg 2010/07/13 v1.3 Configuration of (r)epstopdf for TeX Live
))
LaTeX Info: Redefining \microtypecontext on input line 228.
Package microtype Info: Applying patch `item' on input line 228.
Package microtype Info: Applying patch `toc' on input line 228.
Package microtype Info: Applying patch `eqnum' on input line 228.
Package microtype Info: Applying patch `footnote' on input line 228.
Package microtype Info: Applying patch `verbatim' on input line 228.
LaTeX Info: Redefining \microtypesetup on input line 228.
Package microtype Info: Generating PDF output.
Package microtype Info: Character protrusion enabled (level 2).
Package microtype Info: Using protrusion set `basicmath'.
Package microtype Info: Automatic font expansion enabled (level 2),
(microtype)             stretch: 20, shrink: 20, step: 1, non-selected.
Package microtype Info: Using default expansion set `alltext-nott'.
Package microtype Info: Patching command `\showhyphens'.
Package microtype Info: No adjustment of tracking.
Package microtype Info: No adjustment of interword spacing.
Package microtype Info: No adjustment of character kerning.
 (c:/Users/pablo/AppData/Roaming/TinyTeX/texmf-dist/tex/latex/microtype/mt-cmr.cfg
File: mt-cmr.cfg 2013/05/19 v2.2 microtype config. file: Computer Modern Roman (RS)
)
Package caption Info: Begin \AtBeginDocument code.
Package caption Info: float package is loaded.
Package caption Info: hyperref package is loaded.
Package caption Info: End \AtBeginDocument code.
Package hyperref Info: Link coloring ON on input line 228.
LaTeX Font Info:    Trying to load font information for T1+lmss on input line 230.
 (c:/Users/pablo/AppData/Roaming/TinyTeX/texmf-dist/tex/latex/lm/t1lmss.fd
File: t1lmss.fd 2015/05/01 v1.6.1 Font defs for Latin Modern
)
Package microtype Info: Loading generic protrusion settings for font family
(microtype)             `lmss' (encoding: T1).
(microtype)             For optimal results, create family-specific settings.
(microtype)             See the microtype manual for details.
LaTeX Font Info:    Trying to load font information for OT1+lmr on input line 230.
 (c:/Users/pablo/AppData/Roaming/TinyTeX/texmf-dist/tex/latex/lm/ot1lmr.fd
File: ot1lmr.fd 2015/05/01 v1.6.1 Font defs for Latin Modern
)
LaTeX Font Info:    Trying to load font information for OML+lmm on input line 230.
 (c:/Users/pablo/AppData/Roaming/TinyTeX/texmf-dist/tex/latex/lm/omllmm.fd
File: omllmm.fd 2015/05/01 v1.6.1 Font defs for Latin Modern
)
LaTeX Font Info:    Trying to load font information for OMS+lmsy on input line 230.
 (c:/Users/pablo/AppData/Roaming/TinyTeX/texmf-dist/tex/latex/lm/omslmsy.fd
File: omslmsy.fd 2015/05/01 v1.6.1 Font defs for Latin Modern
)
LaTeX Font Info:    Trying to load font information for OMX+lmex on input line 230.
 (c:/Users/pablo/AppData/Roaming/TinyTeX/texmf-dist/tex/latex/lm/omxlmex.fd
File: omxlmex.fd 2015/05/01 v1.6.1 Font defs for Latin Modern
)
LaTeX Font Info:    External font `lmex10' loaded for size
(Font)              <14.4> on input line 230.
LaTeX Font Info:    External font `lmex10' loaded for size
(Font)              <10> on input line 230.
LaTeX Font Info:    External font `lmex10' loaded for size
(Font)              <7> on input line 230.
LaTeX Font Info:    Trying to load font information for U+msa on input line 230.
 (c:/Users/pablo/AppData/Roaming/TinyTeX/texmf-dist/tex/latex/amsfonts/umsa.fd
File: umsa.fd 2013/01/14 v3.01 AMS symbols A
) (c:/Users/pablo/AppData/Roaming/TinyTeX/texmf-dist/tex/latex/microtype/mt-msa.cfg
File: mt-msa.cfg 2006/02/04 v1.1 microtype config. file: AMS symbols (a) (RS)
)
LaTeX Font Info:    Trying to load font information for U+msb on input line 230.
 (c:/Users/pablo/AppData/Roaming/TinyTeX/texmf-dist/tex/latex/amsfonts/umsb.fd
File: umsb.fd 2013/01/14 v3.01 AMS symbols B
) (c:/Users/pablo/AppData/Roaming/TinyTeX/texmf-dist/tex/latex/microtype/mt-msb.cfg
File: mt-msb.cfg 2005/06/01 v1.0 microtype config. file: AMS symbols (b) (RS)
)
LaTeX Font Info:    External font `lmex10' loaded for size
(Font)              <10.95> on input line 269.
LaTeX Font Info:    External font `lmex10' loaded for size
(Font)              <8> on input line 269.
LaTeX Font Info:    External font `lmex10' loaded for size
(Font)              <6> on input line 269.
 [1


{c:/Users/pablo/AppData/Roaming/TinyTeX/texmf-var/fonts/map/pdftex/updmap/pdftex.map}{c:/Users/pablo/AppData/Roaming/TinyTeX/texmf-dist/fonts/enc/dvips/lm/lm-ec.enc}]
LaTeX Font Info:    Trying to load font information for T1+lmtt on input line 282.
 (c:/Users/pablo/AppData/Roaming/TinyTeX/texmf-dist/tex/latex/lm/t1lmtt.fd
File: t1lmtt.fd 2015/05/01 v1.6.1 Font defs for Latin Modern
)
LaTeX Font Info:    Trying to load font information for U+fontawesomefree1 on input line 286.
 (c:/Users/pablo/AppData/Roaming/TinyTeX/texmf-dist/tex/latex/fontawesome5/ufontawesomefree1.fd) [2{c:/Users/pablo/AppData/Roaming/TinyTeX/texmf-dist/fonts/enc/dvips/lm/lm-mathit.enc}{c:/Users/pablo/AppData/Roaming/TinyTeX/texmf-dist/fonts/enc/dvips/lm/lm-rm.enc}{c:/Users/pablo/AppData/Roaming/TinyTeX/texmf-dist/fonts/enc/dvips/fontawesome5/fa5free1.enc}]
LaTeX Font Info:    Trying to load font information for TS1+lmr on input line 343.
 (c:/Users/pablo/AppData/Roaming/TinyTeX/texmf-dist/tex/latex/lm/ts1lmr.fd
File: ts1lmr.fd 2015/05/01 v1.6.1 Font defs for Latin Modern
)

LaTeX Warning: Reference `fig-diagram-popmodel' on page 3 undefined on input line 360.


c:/Users/pablo/OneDrive/Github/cfa-power/docs/_tex/index.tex:364: LaTeX Error: Unicode character ─ (U+2500)
               not set up for use with LaTeX.

See the LaTeX manual or LaTeX Companion for explanation.
Type  H <return>  for immediate help.
 ...                                              
                                                  
l.364 ...022) ────────────
                                                  
You may provide a definition with
\DeclareUnicodeCharacter 


c:/Users/pablo/OneDrive/Github/cfa-power/docs/_tex/index.tex:364: LaTeX Error: Unicode character ─ (U+2500)
               not set up for use with LaTeX.

See the LaTeX manual or LaTeX Companion for explanation.
Type  H <return>  for immediate help.
 ...                                              
                                                  
l.364 ...022) ────────────
                                                  
You may provide a definition with
\DeclareUnicodeCharacter 


c:/Users/pablo/OneDrive/Github/cfa-power/docs/_tex/index.tex:364: LaTeX Error: Unicode character ─ (U+2500)
               not set up for use with LaTeX.

See the LaTeX manual or LaTeX Companion for explanation.
Type  H <return>  for immediate help.
 ...                                              
                                                  
l.364 ...022) ────────────
                                                  
You may provide a definition with
\DeclareUnicodeCharacter 


c:/Users/pablo/OneDrive/Github/cfa-power/docs/_tex/index.tex:364: LaTeX Error: Unicode character ─ (U+2500)
               not set up for use with LaTeX.

See the LaTeX manual or LaTeX Companion for explanation.
Type  H <return>  for immediate help.
 ...                                              
                                                  
l.364 ...022) ────────────
                                                  
You may provide a definition with
\DeclareUnicodeCharacter 


c:/Users/pablo/OneDrive/Github/cfa-power/docs/_tex/index.tex:364: LaTeX Error: Unicode character ─ (U+2500)
               not set up for use with LaTeX.

See the LaTeX manual or LaTeX Companion for explanation.
Type  H <return>  for immediate help.
 ...                                              
                                                  
l.364 ...022) ────────────
                                                  
You may provide a definition with
\DeclareUnicodeCharacter 


c:/Users/pablo/OneDrive/Github/cfa-power/docs/_tex/index.tex:364: LaTeX Error: Unicode character ─ (U+2500)
               not set up for use with LaTeX.

See the LaTeX manual or LaTeX Companion for explanation.
Type  H <return>  for immediate help.
 ...                                              
                                                  
l.364 ...022) ────────────
                                                  
You may provide a definition with
\DeclareUnicodeCharacter 


c:/Users/pablo/OneDrive/Github/cfa-power/docs/_tex/index.tex:364: LaTeX Error: Unicode character ─ (U+2500)
               not set up for use with LaTeX.

See the LaTeX manual or LaTeX Companion for explanation.
Type  H <return>  for immediate help.
 ...                                              
                                                  
l.364 ...022) ────────────
                                                  
You may provide a definition with
\DeclareUnicodeCharacter 


c:/Users/pablo/OneDrive/Github/cfa-power/docs/_tex/index.tex:364: LaTeX Error: Unicode character ─ (U+2500)
               not set up for use with LaTeX.

See the LaTeX manual or LaTeX Companion for explanation.
Type  H <return>  for immediate help.
 ...                                              
                                                  
l.364 ...022) ────────────
                                                  
You may provide a definition with
\DeclareUnicodeCharacter 


c:/Users/pablo/OneDrive/Github/cfa-power/docs/_tex/index.tex:364: LaTeX Error: Unicode character ─ (U+2500)
               not set up for use with LaTeX.

See the LaTeX manual or LaTeX Companion for explanation.
Type  H <return>  for immediate help.
 ...                                              
                                                  
l.364 ...022) ────────────
                                                  
You may provide a definition with
\DeclareUnicodeCharacter 


c:/Users/pablo/OneDrive/Github/cfa-power/docs/_tex/index.tex:364: LaTeX Error: Unicode character ─ (U+2500)
               not set up for use with LaTeX.

See the LaTeX manual or LaTeX Companion for explanation.
Type  H <return>  for immediate help.
 ...                                              
                                                  
l.364 ...022) ────────────
                                                  
You may provide a definition with
\DeclareUnicodeCharacter 


c:/Users/pablo/OneDrive/Github/cfa-power/docs/_tex/index.tex:364: LaTeX Error: Unicode character ─ (U+2500)
               not set up for use with LaTeX.

See the LaTeX manual or LaTeX Companion for explanation.
Type  H <return>  for immediate help.
 ...                                              
                                                  
l.364 ...022) ────────────
                                                  
You may provide a definition with
\DeclareUnicodeCharacter 


c:/Users/pablo/OneDrive/Github/cfa-power/docs/_tex/index.tex:364: LaTeX Error: Unicode character ─ (U+2500)
               not set up for use with LaTeX.

See the LaTeX manual or LaTeX Companion for explanation.
Type  H <return>  for immediate help.
 ...                                              
                                                  
l.364 ...022) ────────────
                                                  
You may provide a definition with
\DeclareUnicodeCharacter 


c:/Users/pablo/OneDrive/Github/cfa-power/docs/_tex/index.tex:364: LaTeX Error: Unicode character ─ (U+2500)
               not set up for use with LaTeX.

See the LaTeX manual or LaTeX Companion for explanation.
Type  H <return>  for immediate help.
 ...                                              
                                                  
l.364 ...022) ────────────
                                                  
You may provide a definition with
\DeclareUnicodeCharacter 


c:/Users/pablo/OneDrive/Github/cfa-power/docs/_tex/index.tex:364: LaTeX Error: Unicode character ─ (U+2500)
               not set up for use with LaTeX.

See the LaTeX manual or LaTeX Companion for explanation.
Type  H <return>  for immediate help.
 ...                                              
                                                  
l.364 ...022) ────────────
                                                  
You may provide a definition with
\DeclareUnicodeCharacter 


c:/Users/pablo/OneDrive/Github/cfa-power/docs/_tex/index.tex:376: LaTeX Error: Unicode character ─ (U+2500)
               not set up for use with LaTeX.

See the LaTeX manual or LaTeX Companion for explanation.
Type  H <return>  for immediate help.
 ...                                              
                                                  
l.376 ...��─────────────
                                                  
You may provide a definition with
\DeclareUnicodeCharacter 


c:/Users/pablo/OneDrive/Github/cfa-power/docs/_tex/index.tex:376: LaTeX Error: Unicode character ─ (U+2500)
               not set up for use with LaTeX.

See the LaTeX manual or LaTeX Companion for explanation.
Type  H <return>  for immediate help.
 ...                                              
                                                  
l.376 ...��─────────────
                                                  
You may provide a definition with
\DeclareUnicodeCharacter 


c:/Users/pablo/OneDrive/Github/cfa-power/docs/_tex/index.tex:376: LaTeX Error: Unicode character ─ (U+2500)
               not set up for use with LaTeX.

See the LaTeX manual or LaTeX Companion for explanation.
Type  H <return>  for immediate help.
 ...                                              
                                                  
l.376 ...��─────────────
                                                  
You may provide a definition with
\DeclareUnicodeCharacter 


c:/Users/pablo/OneDrive/Github/cfa-power/docs/_tex/index.tex:376: LaTeX Error: Unicode character ─ (U+2500)
               not set up for use with LaTeX.

See the LaTeX manual or LaTeX Companion for explanation.
Type  H <return>  for immediate help.
 ...                                              
                                                  
l.376 ...��─────────────
                                                  
You may provide a definition with
\DeclareUnicodeCharacter 


c:/Users/pablo/OneDrive/Github/cfa-power/docs/_tex/index.tex:376: LaTeX Error: Unicode character ─ (U+2500)
               not set up for use with LaTeX.

See the LaTeX manual or LaTeX Companion for explanation.
Type  H <return>  for immediate help.
 ...                                              
                                                  
l.376 ...��─────────────
                                                  
You may provide a definition with
\DeclareUnicodeCharacter 


c:/Users/pablo/OneDrive/Github/cfa-power/docs/_tex/index.tex:376: LaTeX Error: Unicode character ─ (U+2500)
               not set up for use with LaTeX.

See the LaTeX manual or LaTeX Companion for explanation.
Type  H <return>  for immediate help.
 ...                                              
                                                  
l.376 ...��─────────────
                                                  
You may provide a definition with
\DeclareUnicodeCharacter 


c:/Users/pablo/OneDrive/Github/cfa-power/docs/_tex/index.tex:376: LaTeX Error: Unicode character ─ (U+2500)
               not set up for use with LaTeX.

See the LaTeX manual or LaTeX Companion for explanation.
Type  H <return>  for immediate help.
 ...                                              
                                                  
l.376 ...��─────────────
                                                  
You may provide a definition with
\DeclareUnicodeCharacter 


c:/Users/pablo/OneDrive/Github/cfa-power/docs/_tex/index.tex:376: LaTeX Error: Unicode character ─ (U+2500)
               not set up for use with LaTeX.

See the LaTeX manual or LaTeX Companion for explanation.
Type  H <return>  for immediate help.
 ...                                              
                                                  
l.376 ...��─────────────
                                                  
You may provide a definition with
\DeclareUnicodeCharacter 


c:/Users/pablo/OneDrive/Github/cfa-power/docs/_tex/index.tex:376: LaTeX Error: Unicode character ─ (U+2500)
               not set up for use with LaTeX.

See the LaTeX manual or LaTeX Companion for explanation.
Type  H <return>  for immediate help.
 ...                                              
                                                  
l.376 ...��─────────────
                                                  
You may provide a definition with
\DeclareUnicodeCharacter 


c:/Users/pablo/OneDrive/Github/cfa-power/docs/_tex/index.tex:376: LaTeX Error: Unicode character ─ (U+2500)
               not set up for use with LaTeX.

See the LaTeX manual or LaTeX Companion for explanation.
Type  H <return>  for immediate help.
 ...                                              
                                                  
l.376 ...��─────────────
                                                  
You may provide a definition with
\DeclareUnicodeCharacter 


c:/Users/pablo/OneDrive/Github/cfa-power/docs/_tex/index.tex:376: LaTeX Error: Unicode character ─ (U+2500)
               not set up for use with LaTeX.

See the LaTeX manual or LaTeX Companion for explanation.
Type  H <return>  for immediate help.
 ...                                              
                                                  
l.376 ...��─────────────
                                                  
You may provide a definition with
\DeclareUnicodeCharacter 


c:/Users/pablo/OneDrive/Github/cfa-power/docs/_tex/index.tex:376: LaTeX Error: Unicode character ─ (U+2500)
               not set up for use with LaTeX.

See the LaTeX manual or LaTeX Companion for explanation.
Type  H <return>  for immediate help.
 ...                                              
                                                  
l.376 ...��─────────────
                                                  
You may provide a definition with
\DeclareUnicodeCharacter 


c:/Users/pablo/OneDrive/Github/cfa-power/docs/_tex/index.tex:376: LaTeX Error: Unicode character ─ (U+2500)
               not set up for use with LaTeX.

See the LaTeX manual or LaTeX Companion for explanation.
Type  H <return>  for immediate help.
 ...                                              
                                                  
l.376 ...��─────────────
                                                  
You may provide a definition with
\DeclareUnicodeCharacter 


c:/Users/pablo/OneDrive/Github/cfa-power/docs/_tex/index.tex:376: LaTeX Error: Unicode character ─ (U+2500)
               not set up for use with LaTeX.

See the LaTeX manual or LaTeX Companion for explanation.
Type  H <return>  for immediate help.
 ...                                              
                                                  
l.376 ...��─────────────
                                                  
You may provide a definition with
\DeclareUnicodeCharacter 


c:/Users/pablo/OneDrive/Github/cfa-power/docs/_tex/index.tex:376: LaTeX Error: Unicode character ─ (U+2500)
               not set up for use with LaTeX.

See the LaTeX manual or LaTeX Companion for explanation.
Type  H <return>  for immediate help.
 ...                                              
                                                  
l.376 ...��─────────────
                                                  
You may provide a definition with
\DeclareUnicodeCharacter 


c:/Users/pablo/OneDrive/Github/cfa-power/docs/_tex/index.tex:376: LaTeX Error: Unicode character ─ (U+2500)
               not set up for use with LaTeX.

See the LaTeX manual or LaTeX Companion for explanation.
Type  H <return>  for immediate help.
 ...                                              
                                                  
l.376 ...��─────────────
                                                  
You may provide a definition with
\DeclareUnicodeCharacter 


c:/Users/pablo/OneDrive/Github/cfa-power/docs/_tex/index.tex:376: LaTeX Error: Unicode character ─ (U+2500)
               not set up for use with LaTeX.

See the LaTeX manual or LaTeX Companion for explanation.
Type  H <return>  for immediate help.
 ...                                              
                                                  
l.376 ...��─────────────
                                                  
You may provide a definition with
\DeclareUnicodeCharacter 


c:/Users/pablo/OneDrive/Github/cfa-power/docs/_tex/index.tex:376: LaTeX Error: Unicode character ─ (U+2500)
               not set up for use with LaTeX.

See the LaTeX manual or LaTeX Companion for explanation.
Type  H <return>  for immediate help.
 ...                                              
                                                  
l.376 ...��─────────────
                                                  
You may provide a definition with
\DeclareUnicodeCharacter 


c:/Users/pablo/OneDrive/Github/cfa-power/docs/_tex/index.tex:376: LaTeX Error: Unicode character ─ (U+2500)
               not set up for use with LaTeX.

See the LaTeX manual or LaTeX Companion for explanation.
Type  H <return>  for immediate help.
 ...                                              
                                                  
l.376 ...��─────────────
                                                  
You may provide a definition with
\DeclareUnicodeCharacter 


c:/Users/pablo/OneDrive/Github/cfa-power/docs/_tex/index.tex:376: LaTeX Error: Unicode character ─ (U+2500)
               not set up for use with LaTeX.

See the LaTeX manual or LaTeX Companion for explanation.
Type  H <return>  for immediate help.
 ...                                              
                                                  
l.376 ...��─────────────
                                                  
You may provide a definition with
\DeclareUnicodeCharacter 


c:/Users/pablo/OneDrive/Github/cfa-power/docs/_tex/index.tex:376: LaTeX Error: Unicode character ─ (U+2500)
               not set up for use with LaTeX.

See the LaTeX manual or LaTeX Companion for explanation.
Type  H <return>  for immediate help.
 ...                                              
                                                  
l.376 ...��─────────────
                                                  
You may provide a definition with
\DeclareUnicodeCharacter 


c:/Users/pablo/OneDrive/Github/cfa-power/docs/_tex/index.tex:376: LaTeX Error: Unicode character ─ (U+2500)
               not set up for use with LaTeX.

See the LaTeX manual or LaTeX Companion for explanation.
Type  H <return>  for immediate help.
 ...                                              
                                                  
l.376 ...��─────────────
                                                  
You may provide a definition with
\DeclareUnicodeCharacter 


c:/Users/pablo/OneDrive/Github/cfa-power/docs/_tex/index.tex:376: LaTeX Error: Unicode character ─ (U+2500)
               not set up for use with LaTeX.

See the LaTeX manual or LaTeX Companion for explanation.
Type  H <return>  for immediate help.
 ...                                              
                                                  
l.376 ...��─────────────
                                                  
You may provide a definition with
\DeclareUnicodeCharacter 


c:/Users/pablo/OneDrive/Github/cfa-power/docs/_tex/index.tex:376: LaTeX Error: Unicode character ─ (U+2500)
               not set up for use with LaTeX.

See the LaTeX manual or LaTeX Companion for explanation.
Type  H <return>  for immediate help.
 ...                                              
                                                  
l.376 ...��─────────────
                                                  
You may provide a definition with
\DeclareUnicodeCharacter 


c:/Users/pablo/OneDrive/Github/cfa-power/docs/_tex/index.tex:376: LaTeX Error: Unicode character ─ (U+2500)
               not set up for use with LaTeX.

See the LaTeX manual or LaTeX Companion for explanation.
Type  H <return>  for immediate help.
 ...                                              
                                                  
l.376 ...��─────────────
                                                  
You may provide a definition with
\DeclareUnicodeCharacter 


c:/Users/pablo/OneDrive/Github/cfa-power/docs/_tex/index.tex:376: LaTeX Error: Unicode character ─ (U+2500)
               not set up for use with LaTeX.

See the LaTeX manual or LaTeX Companion for explanation.
Type  H <return>  for immediate help.
 ...                                              
                                                  
l.376 ...��─────────────
                                                  
You may provide a definition with
\DeclareUnicodeCharacter 


c:/Users/pablo/OneDrive/Github/cfa-power/docs/_tex/index.tex:376: LaTeX Error: Unicode character ─ (U+2500)
               not set up for use with LaTeX.

See the LaTeX manual or LaTeX Companion for explanation.
Type  H <return>  for immediate help.
 ...                                              
                                                  
l.376 ...��─────────────
                                                  
You may provide a definition with
\DeclareUnicodeCharacter 


c:/Users/pablo/OneDrive/Github/cfa-power/docs/_tex/index.tex:376: LaTeX Error: Unicode character ─ (U+2500)
               not set up for use with LaTeX.

See the LaTeX manual or LaTeX Companion for explanation.
Type  H <return>  for immediate help.
 ...                                              
                                                  
l.376 ...��─────────────
                                                  
You may provide a definition with
\DeclareUnicodeCharacter 


c:/Users/pablo/OneDrive/Github/cfa-power/docs/_tex/index.tex:376: LaTeX Error: Unicode character ─ (U+2500)
               not set up for use with LaTeX.

See the LaTeX manual or LaTeX Companion for explanation.
Type  H <return>  for immediate help.
 ...                                              
                                                  
l.376 ...��─────────────
                                                  
You may provide a definition with
\DeclareUnicodeCharacter 


c:/Users/pablo/OneDrive/Github/cfa-power/docs/_tex/index.tex:376: LaTeX Error: Unicode character ─ (U+2500)
               not set up for use with LaTeX.

See the LaTeX manual or LaTeX Companion for explanation.
Type  H <return>  for immediate help.
 ...                                              
                                                  
l.376 ...��─────────────
                                                  
You may provide a definition with
\DeclareUnicodeCharacter 


c:/Users/pablo/OneDrive/Github/cfa-power/docs/_tex/index.tex:376: LaTeX Error: Unicode character ─ (U+2500)
               not set up for use with LaTeX.

See the LaTeX manual or LaTeX Companion for explanation.
Type  H <return>  for immediate help.
 ...                                              
                                                  
l.376 ...��─────────────
                                                  
You may provide a definition with
\DeclareUnicodeCharacter 


c:/Users/pablo/OneDrive/Github/cfa-power/docs/_tex/index.tex:376: LaTeX Error: Unicode character ─ (U+2500)
               not set up for use with LaTeX.

See the LaTeX manual or LaTeX Companion for explanation.
Type  H <return>  for immediate help.
 ...                                              
                                                  
l.376 ...��─────────────
                                                  
You may provide a definition with
\DeclareUnicodeCharacter 


c:/Users/pablo/OneDrive/Github/cfa-power/docs/_tex/index.tex:376: LaTeX Error: Unicode character ─ (U+2500)
               not set up for use with LaTeX.

See the LaTeX manual or LaTeX Companion for explanation.
Type  H <return>  for immediate help.
 ...                                              
                                                  
l.376 ...��─────────────
                                                  
You may provide a definition with
\DeclareUnicodeCharacter 


c:/Users/pablo/OneDrive/Github/cfa-power/docs/_tex/index.tex:376: LaTeX Error: Unicode character ─ (U+2500)
               not set up for use with LaTeX.

See the LaTeX manual or LaTeX Companion for explanation.
Type  H <return>  for immediate help.
 ...                                              
                                                  
l.376 ...��─────────────
                                                  
You may provide a definition with
\DeclareUnicodeCharacter 


c:/Users/pablo/OneDrive/Github/cfa-power/docs/_tex/index.tex:376: LaTeX Error: Unicode character ─ (U+2500)
               not set up for use with LaTeX.

See the LaTeX manual or LaTeX Companion for explanation.
Type  H <return>  for immediate help.
 ...                                              
                                                  
l.376 ...��─────────────
                                                  
You may provide a definition with
\DeclareUnicodeCharacter 


c:/Users/pablo/OneDrive/Github/cfa-power/docs/_tex/index.tex:376: LaTeX Error: Unicode character ─ (U+2500)
               not set up for use with LaTeX.

See the LaTeX manual or LaTeX Companion for explanation.
Type  H <return>  for immediate help.
 ...                                              
                                                  
l.376 ...��─────────────
                                                  
You may provide a definition with
\DeclareUnicodeCharacter 


c:/Users/pablo/OneDrive/Github/cfa-power/docs/_tex/index.tex:376: LaTeX Error: Unicode character ─ (U+2500)
               not set up for use with LaTeX.

See the LaTeX manual or LaTeX Companion for explanation.
Type  H <return>  for immediate help.
 ...                                              
                                                  
l.376 ...��─────────────
                                                  
You may provide a definition with
\DeclareUnicodeCharacter 


c:/Users/pablo/OneDrive/Github/cfa-power/docs/_tex/index.tex:376: LaTeX Error: Unicode character ─ (U+2500)
               not set up for use with LaTeX.

See the LaTeX manual or LaTeX Companion for explanation.
Type  H <return>  for immediate help.
 ...                                              
                                                  
l.376 ...��─────────────
                                                  
You may provide a definition with
\DeclareUnicodeCharacter 


c:/Users/pablo/OneDrive/Github/cfa-power/docs/_tex/index.tex:376: LaTeX Error: Unicode character ─ (U+2500)
               not set up for use with LaTeX.

See the LaTeX manual or LaTeX Companion for explanation.
Type  H <return>  for immediate help.
 ...                                              
                                                  
l.376 ...��─────────────
                                                  
You may provide a definition with
\DeclareUnicodeCharacter 


c:/Users/pablo/OneDrive/Github/cfa-power/docs/_tex/index.tex:376: LaTeX Error: Unicode character ─ (U+2500)
               not set up for use with LaTeX.

See the LaTeX manual or LaTeX Companion for explanation.
Type  H <return>  for immediate help.
 ...                                              
                                                  
l.376 ...��─────────────
                                                  
You may provide a definition with
\DeclareUnicodeCharacter 


c:/Users/pablo/OneDrive/Github/cfa-power/docs/_tex/index.tex:376: LaTeX Error: Unicode character ─ (U+2500)
               not set up for use with LaTeX.

See the LaTeX manual or LaTeX Companion for explanation.
Type  H <return>  for immediate help.
 ...                                              
                                                  
l.376 ...��─────────────
                                                  
You may provide a definition with
\DeclareUnicodeCharacter 


c:/Users/pablo/OneDrive/Github/cfa-power/docs/_tex/index.tex:376: LaTeX Error: Unicode character ─ (U+2500)
               not set up for use with LaTeX.

See the LaTeX manual or LaTeX Companion for explanation.
Type  H <return>  for immediate help.
 ...                                              
                                                  
l.376 ...��─────────────
                                                  
You may provide a definition with
\DeclareUnicodeCharacter 


c:/Users/pablo/OneDrive/Github/cfa-power/docs/_tex/index.tex:376: LaTeX Error: Unicode character ─ (U+2500)
               not set up for use with LaTeX.

See the LaTeX manual or LaTeX Companion for explanation.
Type  H <return>  for immediate help.
 ...                                              
                                                  
l.376 ...��─────────────
                                                  
You may provide a definition with
\DeclareUnicodeCharacter 


c:/Users/pablo/OneDrive/Github/cfa-power/docs/_tex/index.tex:376: LaTeX Error: Unicode character ─ (U+2500)
               not set up for use with LaTeX.

See the LaTeX manual or LaTeX Companion for explanation.
Type  H <return>  for immediate help.
 ...                                              
                                                  
l.376 ...��─────────────
                                                  
You may provide a definition with
\DeclareUnicodeCharacter 


c:/Users/pablo/OneDrive/Github/cfa-power/docs/_tex/index.tex:376: LaTeX Error: Unicode character ─ (U+2500)
               not set up for use with LaTeX.

See the LaTeX manual or LaTeX Companion for explanation.
Type  H <return>  for immediate help.
 ...                                              
                                                  
l.376 ...��─────────────
                                                  
You may provide a definition with
\DeclareUnicodeCharacter 


c:/Users/pablo/OneDrive/Github/cfa-power/docs/_tex/index.tex:376: LaTeX Error: Unicode character ─ (U+2500)
               not set up for use with LaTeX.

See the LaTeX manual or LaTeX Companion for explanation.
Type  H <return>  for immediate help.
 ...                                              
                                                  
l.376 ...��─────────────
                                                  
You may provide a definition with
\DeclareUnicodeCharacter 

LaTeX Font Info:    Trying to load font information for TS1+lmtt on input line 378.
(c:/Users/pablo/AppData/Roaming/TinyTeX/texmf-dist/tex/latex/lm/ts1lmtt.fd
File: ts1lmtt.fd 2015/05/01 v1.6.1 Font defs for Latin Modern
)

c:/Users/pablo/OneDrive/Github/cfa-power/docs/_tex/index.tex:381: LaTeX Error: Unicode character ─ (U+2500)
               not set up for use with LaTeX.

See the LaTeX manual or LaTeX Companion for explanation.
Type  H <return>  for immediate help.
 ...                                              
                                                  
l.381 ...��─────────────
                                                  
You may provide a definition with
\DeclareUnicodeCharacter 


c:/Users/pablo/OneDrive/Github/cfa-power/docs/_tex/index.tex:381: LaTeX Error: Unicode character ─ (U+2500)
               not set up for use with LaTeX.

See the LaTeX manual or LaTeX Companion for explanation.
Type  H <return>  for immediate help.
 ...                                              
                                                  
l.381 ...��─────────────
                                                  
You may provide a definition with
\DeclareUnicodeCharacter 


c:/Users/pablo/OneDrive/Github/cfa-power/docs/_tex/index.tex:381: LaTeX Error: Unicode character ─ (U+2500)
               not set up for use with LaTeX.

See the LaTeX manual or LaTeX Companion for explanation.
Type  H <return>  for immediate help.
 ...                                              
                                                  
l.381 ...��─────────────
                                                  
You may provide a definition with
\DeclareUnicodeCharacter 


c:/Users/pablo/OneDrive/Github/cfa-power/docs/_tex/index.tex:381: LaTeX Error: Unicode character ─ (U+2500)
               not set up for use with LaTeX.

See the LaTeX manual or LaTeX Companion for explanation.
Type  H <return>  for immediate help.
 ...                                              
                                                  
l.381 ...��─────────────
                                                  
You may provide a definition with
\DeclareUnicodeCharacter 


c:/Users/pablo/OneDrive/Github/cfa-power/docs/_tex/index.tex:381: LaTeX Error: Unicode character ─ (U+2500)
               not set up for use with LaTeX.

See the LaTeX manual or LaTeX Companion for explanation.
Type  H <return>  for immediate help.
 ...                                              
                                                  
l.381 ...��─────────────
                                                  
You may provide a definition with
\DeclareUnicodeCharacter 


c:/Users/pablo/OneDrive/Github/cfa-power/docs/_tex/index.tex:381: LaTeX Error: Unicode character ─ (U+2500)
               not set up for use with LaTeX.

See the LaTeX manual or LaTeX Companion for explanation.
Type  H <return>  for immediate help.
 ...                                              
                                                  
l.381 ...��─────────────
                                                  
You may provide a definition with
\DeclareUnicodeCharacter 


c:/Users/pablo/OneDrive/Github/cfa-power/docs/_tex/index.tex:381: LaTeX Error: Unicode character ─ (U+2500)
               not set up for use with LaTeX.

See the LaTeX manual or LaTeX Companion for explanation.
Type  H <return>  for immediate help.
 ...                                              
                                                  
l.381 ...��─────────────
                                                  
You may provide a definition with
\DeclareUnicodeCharacter 


c:/Users/pablo/OneDrive/Github/cfa-power/docs/_tex/index.tex:381: LaTeX Error: Unicode character ─ (U+2500)
               not set up for use with LaTeX.

See the LaTeX manual or LaTeX Companion for explanation.
Type  H <return>  for immediate help.
 ...                                              
                                                  
l.381 ...��─────────────
                                                  
You may provide a definition with
\DeclareUnicodeCharacter 


c:/Users/pablo/OneDrive/Github/cfa-power/docs/_tex/index.tex:381: LaTeX Error: Unicode character ─ (U+2500)
               not set up for use with LaTeX.

See the LaTeX manual or LaTeX Companion for explanation.
Type  H <return>  for immediate help.
 ...                                              
                                                  
l.381 ...��─────────────
                                                  
You may provide a definition with
\DeclareUnicodeCharacter 


c:/Users/pablo/OneDrive/Github/cfa-power/docs/_tex/index.tex:381: LaTeX Error: Unicode character ─ (U+2500)
               not set up for use with LaTeX.

See the LaTeX manual or LaTeX Companion for explanation.
Type  H <return>  for immediate help.
 ...                                              
                                                  
l.381 ...��─────────────
                                                  
You may provide a definition with
\DeclareUnicodeCharacter 


c:/Users/pablo/OneDrive/Github/cfa-power/docs/_tex/index.tex:381: LaTeX Error: Unicode character ─ (U+2500)
               not set up for use with LaTeX.

See the LaTeX manual or LaTeX Companion for explanation.
Type  H <return>  for immediate help.
 ...                                              
                                                  
l.381 ...��─────────────
                                                  
You may provide a definition with
\DeclareUnicodeCharacter 


c:/Users/pablo/OneDrive/Github/cfa-power/docs/_tex/index.tex:381: LaTeX Error: Unicode character ─ (U+2500)
               not set up for use with LaTeX.

See the LaTeX manual or LaTeX Companion for explanation.
Type  H <return>  for immediate help.
 ...                                              
                                                  
l.381 ...��─────────────
                                                  
You may provide a definition with
\DeclareUnicodeCharacter 


c:/Users/pablo/OneDrive/Github/cfa-power/docs/_tex/index.tex:381: LaTeX Error: Unicode character ─ (U+2500)
               not set up for use with LaTeX.

See the LaTeX manual or LaTeX Companion for explanation.
Type  H <return>  for immediate help.
 ...                                              
                                                  
l.381 ...��─────────────
                                                  
You may provide a definition with
\DeclareUnicodeCharacter 


c:/Users/pablo/OneDrive/Github/cfa-power/docs/_tex/index.tex:381: LaTeX Error: Unicode character ─ (U+2500)
               not set up for use with LaTeX.

See the LaTeX manual or LaTeX Companion for explanation.
Type  H <return>  for immediate help.
 ...                                              
                                                  
l.381 ...��─────────────
                                                  
You may provide a definition with
\DeclareUnicodeCharacter 


c:/Users/pablo/OneDrive/Github/cfa-power/docs/_tex/index.tex:381: LaTeX Error: Unicode character ─ (U+2500)
               not set up for use with LaTeX.

See the LaTeX manual or LaTeX Companion for explanation.
Type  H <return>  for immediate help.
 ...                                              
                                                  
l.381 ...��─────────────
                                                  
You may provide a definition with
\DeclareUnicodeCharacter 


c:/Users/pablo/OneDrive/Github/cfa-power/docs/_tex/index.tex:381: LaTeX Error: Unicode character ─ (U+2500)
               not set up for use with LaTeX.

See the LaTeX manual or LaTeX Companion for explanation.
Type  H <return>  for immediate help.
 ...                                              
                                                  
l.381 ...��─────────────
                                                  
You may provide a definition with
\DeclareUnicodeCharacter 


c:/Users/pablo/OneDrive/Github/cfa-power/docs/_tex/index.tex:381: LaTeX Error: Unicode character ─ (U+2500)
               not set up for use with LaTeX.

See the LaTeX manual or LaTeX Companion for explanation.
Type  H <return>  for immediate help.
 ...                                              
                                                  
l.381 ...��─────────────
                                                  
You may provide a definition with
\DeclareUnicodeCharacter 


c:/Users/pablo/OneDrive/Github/cfa-power/docs/_tex/index.tex:381: LaTeX Error: Unicode character ─ (U+2500)
               not set up for use with LaTeX.

See the LaTeX manual or LaTeX Companion for explanation.
Type  H <return>  for immediate help.
 ...                                              
                                                  
l.381 ...��─────────────
                                                  
You may provide a definition with
\DeclareUnicodeCharacter 


c:/Users/pablo/OneDrive/Github/cfa-power/docs/_tex/index.tex:381: LaTeX Error: Unicode character ─ (U+2500)
               not set up for use with LaTeX.

See the LaTeX manual or LaTeX Companion for explanation.
Type  H <return>  for immediate help.
 ...                                              
                                                  
l.381 ...��─────────────
                                                  
You may provide a definition with
\DeclareUnicodeCharacter 


c:/Users/pablo/OneDrive/Github/cfa-power/docs/_tex/index.tex:381: LaTeX Error: Unicode character ─ (U+2500)
               not set up for use with LaTeX.

See the LaTeX manual or LaTeX Companion for explanation.
Type  H <return>  for immediate help.
 ...                                              
                                                  
l.381 ...��─────────────
                                                  
You may provide a definition with
\DeclareUnicodeCharacter 


c:/Users/pablo/OneDrive/Github/cfa-power/docs/_tex/index.tex:381: LaTeX Error: Unicode character ─ (U+2500)
               not set up for use with LaTeX.

See the LaTeX manual or LaTeX Companion for explanation.
Type  H <return>  for immediate help.
 ...                                              
                                                  
l.381 ...��─────────────
                                                  
You may provide a definition with
\DeclareUnicodeCharacter 


c:/Users/pablo/OneDrive/Github/cfa-power/docs/_tex/index.tex:381: LaTeX Error: Unicode character ─ (U+2500)
               not set up for use with LaTeX.

See the LaTeX manual or LaTeX Companion for explanation.
Type  H <return>  for immediate help.
 ...                                              
                                                  
l.381 ...��─────────────
                                                  
You may provide a definition with
\DeclareUnicodeCharacter 

[3{c:/Users/pablo/AppData/Roaming/TinyTeX/texmf-dist/fonts/enc/dvips/lm/lm-ts1.enc}{c:/Users/pablo/AppData/Roaming/TinyTeX/texmf-dist/fonts/enc/dvips/lm/lm-mathsy.enc}]

c:/Users/pablo/OneDrive/Github/cfa-power/docs/_tex/index.tex:389: LaTeX Error: Unicode character ─ (U+2500)
               not set up for use with LaTeX.

See the LaTeX manual or LaTeX Companion for explanation.
Type  H <return>  for immediate help.
 ...                                              
                                                  
l.389 ...) ─────────────
                                                  
You may provide a definition with
\DeclareUnicodeCharacter 


c:/Users/pablo/OneDrive/Github/cfa-power/docs/_tex/index.tex:389: LaTeX Error: Unicode character ─ (U+2500)
               not set up for use with LaTeX.

See the LaTeX manual or LaTeX Companion for explanation.
Type  H <return>  for immediate help.
 ...                                              
                                                  
l.389 ...) ─────────────
                                                  
You may provide a definition with
\DeclareUnicodeCharacter 


c:/Users/pablo/OneDrive/Github/cfa-power/docs/_tex/index.tex:389: LaTeX Error: Unicode character θ (U+03B8)
               not set up for use with LaTeX.

See the LaTeX manual or LaTeX Companion for explanation.
Type  H <return>  for immediate help.
 ...                                              
                                                  
l.389 ...) ─────────────
                                                  
You may provide a definition with
\DeclareUnicodeCharacter 


c:/Users/pablo/OneDrive/Github/cfa-power/docs/_tex/index.tex:389: LaTeX Error: Unicode character − (U+2212)
               not set up for use with LaTeX.

See the LaTeX manual or LaTeX Companion for explanation.
Type  H <return>  for immediate help.
 ...                                              
                                                  
l.389 ...) ─────────────
                                                  
You may provide a definition with
\DeclareUnicodeCharacter 


c:/Users/pablo/OneDrive/Github/cfa-power/docs/_tex/index.tex:389: LaTeX Error: Unicode character λ (U+03BB)
               not set up for use with LaTeX.

See the LaTeX manual or LaTeX Companion for explanation.
Type  H <return>  for immediate help.
 ...                                              
                                                  
l.389 ...) ─────────────
                                                  
You may provide a definition with
\DeclareUnicodeCharacter 


c:/Users/pablo/OneDrive/Github/cfa-power/docs/_tex/index.tex:389: LaTeX Error: Unicode character ─ (U+2500)
               not set up for use with LaTeX.

See the LaTeX manual or LaTeX Companion for explanation.
Type  H <return>  for immediate help.
 ...                                              
                                                  
l.389 ...) ─────────────
                                                  
You may provide a definition with
\DeclareUnicodeCharacter 


c:/Users/pablo/OneDrive/Github/cfa-power/docs/_tex/index.tex:389: LaTeX Error: Unicode character ─ (U+2500)
               not set up for use with LaTeX.

See the LaTeX manual or LaTeX Companion for explanation.
Type  H <return>  for immediate help.
 ...                                              
                                                  
l.389 ...) ─────────────
                                                  
You may provide a definition with
\DeclareUnicodeCharacter 


c:/Users/pablo/OneDrive/Github/cfa-power/docs/_tex/index.tex:389: LaTeX Error: Unicode character ─ (U+2500)
               not set up for use with LaTeX.

See the LaTeX manual or LaTeX Companion for explanation.
Type  H <return>  for immediate help.
 ...                                              
                                                  
l.389 ...) ─────────────
                                                  
You may provide a definition with
\DeclareUnicodeCharacter 


c:/Users/pablo/OneDrive/Github/cfa-power/docs/_tex/index.tex:389: LaTeX Error: Unicode character ─ (U+2500)
               not set up for use with LaTeX.

See the LaTeX manual or LaTeX Companion for explanation.
Type  H <return>  for immediate help.
 ...                                              
                                                  
l.389 ...) ─────────────
                                                  
You may provide a definition with
\DeclareUnicodeCharacter 


c:/Users/pablo/OneDrive/Github/cfa-power/docs/_tex/index.tex:389: LaTeX Error: Unicode character ─ (U+2500)
               not set up for use with LaTeX.

See the LaTeX manual or LaTeX Companion for explanation.
Type  H <return>  for immediate help.
 ...                                              
                                                  
l.389 ...) ─────────────
                                                  
You may provide a definition with
\DeclareUnicodeCharacter 


c:/Users/pablo/OneDrive/Github/cfa-power/docs/_tex/index.tex:389: LaTeX Error: Unicode character ─ (U+2500)
               not set up for use with LaTeX.

See the LaTeX manual or LaTeX Companion for explanation.
Type  H <return>  for immediate help.
 ...                                              
                                                  
l.389 ...) ─────────────
                                                  
You may provide a definition with
\DeclareUnicodeCharacter 


c:/Users/pablo/OneDrive/Github/cfa-power/docs/_tex/index.tex:389: LaTeX Error: Unicode character ─ (U+2500)
               not set up for use with LaTeX.

See the LaTeX manual or LaTeX Companion for explanation.
Type  H <return>  for immediate help.
 ...                                              
                                                  
l.389 ...) ─────────────
                                                  
You may provide a definition with
\DeclareUnicodeCharacter 


c:/Users/pablo/OneDrive/Github/cfa-power/docs/_tex/index.tex:389: LaTeX Error: Unicode character ─ (U+2500)
               not set up for use with LaTeX.

See the LaTeX manual or LaTeX Companion for explanation.
Type  H <return>  for immediate help.
 ...                                              
                                                  
l.389 ...) ─────────────
                                                  
You may provide a definition with
\DeclareUnicodeCharacter 


c:/Users/pablo/OneDrive/Github/cfa-power/docs/_tex/index.tex:389: LaTeX Error: Unicode character ─ (U+2500)
               not set up for use with LaTeX.

See the LaTeX manual or LaTeX Companion for explanation.
Type  H <return>  for immediate help.
 ...                                              
                                                  
l.389 ...) ─────────────
                                                  
You may provide a definition with
\DeclareUnicodeCharacter 


c:/Users/pablo/OneDrive/Github/cfa-power/docs/_tex/index.tex:389: LaTeX Error: Unicode character ─ (U+2500)
               not set up for use with LaTeX.

See the LaTeX manual or LaTeX Companion for explanation.
Type  H <return>  for immediate help.
 ...                                              
                                                  
l.389 ...) ─────────────
                                                  
You may provide a definition with
\DeclareUnicodeCharacter 


c:/Users/pablo/OneDrive/Github/cfa-power/docs/_tex/index.tex:389: LaTeX Error: Unicode character ─ (U+2500)
               not set up for use with LaTeX.

See the LaTeX manual or LaTeX Companion for explanation.
Type  H <return>  for immediate help.
 ...                                              
                                                  
l.389 ...) ─────────────
                                                  
You may provide a definition with
\DeclareUnicodeCharacter 


c:/Users/pablo/OneDrive/Github/cfa-power/docs/_tex/index.tex:389: LaTeX Error: Unicode character ─ (U+2500)
               not set up for use with LaTeX.

See the LaTeX manual or LaTeX Companion for explanation.
Type  H <return>  for immediate help.
 ...                                              
                                                  
l.389 ...) ─────────────
                                                  
You may provide a definition with
\DeclareUnicodeCharacter 


c:/Users/pablo/OneDrive/Github/cfa-power/docs/_tex/index.tex:389: LaTeX Error: Unicode character ─ (U+2500)
               not set up for use with LaTeX.

See the LaTeX manual or LaTeX Companion for explanation.
Type  H <return>  for immediate help.
 ...                                              
                                                  
l.389 ...) ─────────────
                                                  
You may provide a definition with
\DeclareUnicodeCharacter 


c:/Users/pablo/OneDrive/Github/cfa-power/docs/_tex/index.tex:390: LaTeX Error: Unicode character − (U+2212)
               not set up for use with LaTeX.

See the LaTeX manual or LaTeX Companion for explanation.
Type  H <return>  for immediate help.
 ...                                              
                                                  
l.390   Q5  ~~ 0.1536*Q5    # 1 − 0.92²
                                          
You may provide a definition with
\DeclareUnicodeCharacter 


c:/Users/pablo/OneDrive/Github/cfa-power/docs/_tex/index.tex:391: LaTeX Error: Unicode character − (U+2212)
               not set up for use with LaTeX.

See the LaTeX manual or LaTeX Companion for explanation.
Type  H <return>  for immediate help.
 ...                                              
                                                  
l.391   Q6  ~~ 0.3439*Q6    # 1 − 0.81²
                                          
You may provide a definition with
\DeclareUnicodeCharacter 


c:/Users/pablo/OneDrive/Github/cfa-power/docs/_tex/index.tex:392: LaTeX Error: Unicode character − (U+2212)
               not set up for use with LaTeX.

See the LaTeX manual or LaTeX Companion for explanation.
Type  H <return>  for immediate help.
 ...                                              
                                                  
l.392   Q7  ~~ 0.1164*Q7    # 1 − 0.94²
                                          
You may provide a definition with
\DeclareUnicodeCharacter 


c:/Users/pablo/OneDrive/Github/cfa-power/docs/_tex/index.tex:393: LaTeX Error: Unicode character − (U+2212)
               not set up for use with LaTeX.

See the LaTeX manual or LaTeX Companion for explanation.
Type  H <return>  for immediate help.
 ...                                              
                                                  
l.393   Q11 ~~ 0.4671*Q11   # 1 − 0.73²
                                          
You may provide a definition with
\DeclareUnicodeCharacter 


c:/Users/pablo/OneDrive/Github/cfa-power/docs/_tex/index.tex:394: LaTeX Error: Unicode character − (U+2212)
               not set up for use with LaTeX.

See the LaTeX manual or LaTeX Companion for explanation.
Type  H <return>  for immediate help.
 ...                                              
                                                  
l.394   Q19 ~~ 0.4375*Q19   # 1 − 0.75²
                                          
You may provide a definition with
\DeclareUnicodeCharacter 


c:/Users/pablo/OneDrive/Github/cfa-power/docs/_tex/index.tex:395: LaTeX Error: Unicode character − (U+2212)
               not set up for use with LaTeX.

See the LaTeX manual or LaTeX Companion for explanation.
Type  H <return>  for immediate help.
 ...                                              
                                                  
l.395   Q26 ~~ 0.6031*Q26   # 1 − 0.63²
                                          
You may provide a definition with
\DeclareUnicodeCharacter 


c:/Users/pablo/OneDrive/Github/cfa-power/docs/_tex/index.tex:396: LaTeX Error: Unicode character − (U+2212)
               not set up for use with LaTeX.

See the LaTeX manual or LaTeX Companion for explanation.
Type  H <return>  for immediate help.
 ...                                              
                                                  
l.396   Q3  ~~ 0.2944*Q3    # 1 − 0.84²
                                          
You may provide a definition with
\DeclareUnicodeCharacter 


c:/Users/pablo/OneDrive/Github/cfa-power/docs/_tex/index.tex:397: LaTeX Error: Unicode character − (U+2212)
               not set up for use with LaTeX.

See the LaTeX manual or LaTeX Companion for explanation.
Type  H <return>  for immediate help.
 ...                                              
                                                  
l.397   Q4  ~~ 0.3111*Q4    # 1 − 0.83²
                                          
You may provide a definition with
\DeclareUnicodeCharacter 


c:/Users/pablo/OneDrive/Github/cfa-power/docs/_tex/index.tex:398: LaTeX Error: Unicode character − (U+2212)
               not set up for use with LaTeX.

See the LaTeX manual or LaTeX Companion for explanation.
Type  H <return>  for immediate help.
 ...                                              
                                                  
l.398   Q10 ~~ 0.6031*Q10   # 1 − 0.63²
                                          
You may provide a definition with
\DeclareUnicodeCharacter 


c:/Users/pablo/OneDrive/Github/cfa-power/docs/_tex/index.tex:399: LaTeX Error: Unicode character − (U+2212)
               not set up for use with LaTeX.

See the LaTeX manual or LaTeX Companion for explanation.
Type  H <return>  for immediate help.
 ...                                              
                                                  
l.399   Q15 ~~ 0.4959*Q15   # 1 − 0.71²
                                          
You may provide a definition with
\DeclareUnicodeCharacter 


c:/Users/pablo/OneDrive/Github/cfa-power/docs/_tex/index.tex:400: LaTeX Error: Unicode character − (U+2212)
               not set up for use with LaTeX.

See the LaTeX manual or LaTeX Companion for explanation.
Type  H <return>  for immediate help.
 ...                                              
                                                  
l.400   Q16 ~~ 0.5376*Q16   # 1 − 0.68²
                                          
You may provide a definition with
\DeclareUnicodeCharacter 


c:/Users/pablo/OneDrive/Github/cfa-power/docs/_tex/index.tex:401: LaTeX Error: Unicode character − (U+2212)
               not set up for use with LaTeX.

See the LaTeX manual or LaTeX Companion for explanation.
Type  H <return>  for immediate help.
 ...                                              
                                                  
l.401   Q17 ~~ 0.2079*Q17   # 1 − 0.89²
                                          
You may provide a definition with
\DeclareUnicodeCharacter 


c:/Users/pablo/OneDrive/Github/cfa-power/docs/_tex/index.tex:402: LaTeX Error: Unicode character − (U+2212)
               not set up for use with LaTeX.

See the LaTeX manual or LaTeX Companion for explanation.
Type  H <return>  for immediate help.
 ...                                              
                                                  
l.402   Q18 ~~ 0.6279*Q18   # 1 − 0.61²
                                          
You may provide a definition with
\DeclareUnicodeCharacter 


c:/Users/pablo/OneDrive/Github/cfa-power/docs/_tex/index.tex:403: LaTeX Error: Unicode character − (U+2212)
               not set up for use with LaTeX.

See the LaTeX manual or LaTeX Companion for explanation.
Type  H <return>  for immediate help.
 ...                                              
                                                  
l.403   Q20 ~~ 0.1164*Q20   # 1 − 0.94²
                                          
You may provide a definition with
\DeclareUnicodeCharacter 


c:/Users/pablo/OneDrive/Github/cfa-power/docs/_tex/index.tex:404: LaTeX Error: Unicode character − (U+2212)
               not set up for use with LaTeX.

See the LaTeX manual or LaTeX Companion for explanation.
Type  H <return>  for immediate help.
 ...                                              
                                                  
l.404   Q21 ~~ 0.2079*Q21   # 1 − 0.89²
                                          
You may provide a definition with
\DeclareUnicodeCharacter 


c:/Users/pablo/OneDrive/Github/cfa-power/docs/_tex/index.tex:405: LaTeX Error: Unicode character − (U+2212)
               not set up for use with LaTeX.

See the LaTeX manual or LaTeX Companion for explanation.
Type  H <return>  for immediate help.
 ...                                              
                                                  
l.405   Q22 ~~ 0.3916*Q22   # 1 − 0.78²
                                          
You may provide a definition with
\DeclareUnicodeCharacter 


c:/Users/pablo/OneDrive/Github/cfa-power/docs/_tex/index.tex:406: LaTeX Error: Unicode character − (U+2212)
               not set up for use with LaTeX.

See the LaTeX manual or LaTeX Companion for explanation.
Type  H <return>  for immediate help.
 ...                                              
                                                  
l.406 ...t loading; bridge item (betweenness=40.5)
                                                  
You may provide a definition with
\DeclareUnicodeCharacter 


Overfull \hbox (18.88737pt too wide) in paragraph at lines 406--406
[]  \T1/lmtt/m/n/10.95 Q8  ~~ 0.8631*Q8    # 1  0.37\TS1/lmtt/m/n/10.95 � \T1/lmtt/m/n/10.95 ^^V lowest loading; bridge item (betweenness=40.5)[] 
 []


c:/Users/pablo/OneDrive/Github/cfa-power/docs/_tex/index.tex:407: LaTeX Error: Unicode character − (U+2212)
               not set up for use with LaTeX.

See the LaTeX manual or LaTeX Companion for explanation.
Type  H <return>  for immediate help.
 ...                                              
                                                  
l.407   Q9  ~~ 0.7599*Q9    # 1 − 0.49²
                                          
You may provide a definition with
\DeclareUnicodeCharacter 


c:/Users/pablo/OneDrive/Github/cfa-power/docs/_tex/index.tex:408: LaTeX Error: Unicode character − (U+2212)
               not set up for use with LaTeX.

See the LaTeX manual or LaTeX Companion for explanation.
Type  H <return>  for immediate help.
 ...                                              
                                                  
l.408   Q12 ~~ 0.3759*Q12   # 1 − 0.79²
                                          
You may provide a definition with
\DeclareUnicodeCharacter 


c:/Users/pablo/OneDrive/Github/cfa-power/docs/_tex/index.tex:409: LaTeX Error: Unicode character − (U+2212)
               not set up for use with LaTeX.

See the LaTeX manual or LaTeX Companion for explanation.
Type  H <return>  for immediate help.
 ...                                              
                                                  
l.409   Q13 ~~ 0.3439*Q13   # 1 − 0.81²
                                          
You may provide a definition with
\DeclareUnicodeCharacter 


c:/Users/pablo/OneDrive/Github/cfa-power/docs/_tex/index.tex:410: LaTeX Error: Unicode character − (U+2212)
               not set up for use with LaTeX.

See the LaTeX manual or LaTeX Companion for explanation.
Type  H <return>  for immediate help.
 ...                                              
                                                  
l.410   Q14 ~~ 0.4071*Q14   # 1 − 0.77²
                                          
You may provide a definition with
\DeclareUnicodeCharacter 


c:/Users/pablo/OneDrive/Github/cfa-power/docs/_tex/index.tex:411: LaTeX Error: Unicode character − (U+2212)
               not set up for use with LaTeX.

See the LaTeX manual or LaTeX Companion for explanation.
Type  H <return>  for immediate help.
 ...                                              
                                                  
l.411   Q23 ~~ 0.4375*Q23   # 1 − 0.75²
                                          
You may provide a definition with
\DeclareUnicodeCharacter 


c:/Users/pablo/OneDrive/Github/cfa-power/docs/_tex/index.tex:412: LaTeX Error: Unicode character − (U+2212)
               not set up for use with LaTeX.

See the LaTeX manual or LaTeX Companion for explanation.
Type  H <return>  for immediate help.
 ...                                              
                                                  
l.412   Q24 ~~ 0.5904*Q24   # 1 − 0.64²
                                          
You may provide a definition with
\DeclareUnicodeCharacter 


c:/Users/pablo/OneDrive/Github/cfa-power/docs/_tex/index.tex:413: LaTeX Error: Unicode character − (U+2212)
               not set up for use with LaTeX.

See the LaTeX manual or LaTeX Companion for explanation.
Type  H <return>  for immediate help.
 ...                                              
                                                  
l.413   Q25 ~~ 0.4671*Q25   # 1 − 0.73²
                                          
You may provide a definition with
\DeclareUnicodeCharacter 

<index_files/figure-latex/Scripts-AnalysisScripts-01_population_models-fig-diagram-popmodel-output-1.png, id=44, 578.16pt x 505.89pt>
File: index_files/figure-latex/Scripts-AnalysisScripts-01_population_models-fig-diagram-popmodel-output-1.png Graphic file (type png)
<use index_files/figure-latex/Scripts-AnalysisScripts-01_population_models-fig-diagram-popmodel-output-1.png>
Package pdftex.def Info: index_files/figure-latex/Scripts-AnalysisScripts-01_population_models-fig-diagram-popmodel-output-1.png  used on input line 424.
(pdftex.def)             Requested size: 578.15858pt x 505.88875pt.
[4] [5 <./index_files/figure-latex/Scripts-AnalysisScripts-01_population_models-fig-diagram-popmodel-output-1.png (PNG copy)>]

c:/Users/pablo/OneDrive/Github/cfa-power/docs/_tex/index.tex:471: LaTeX Error: Unicode character ─ (U+2500)
               not set up for use with LaTeX.

See the LaTeX manual or LaTeX Companion for explanation.
Type  H <return>  for immediate help.
 ...                                              
                                                  
l.471 ...��─────────────
                                                  
You may provide a definition with
\DeclareUnicodeCharacter 


c:/Users/pablo/OneDrive/Github/cfa-power/docs/_tex/index.tex:471: LaTeX Error: Unicode character ─ (U+2500)
               not set up for use with LaTeX.

See the LaTeX manual or LaTeX Companion for explanation.
Type  H <return>  for immediate help.
 ...                                              
                                                  
l.471 ...��─────────────
                                                  
You may provide a definition with
\DeclareUnicodeCharacter 


c:/Users/pablo/OneDrive/Github/cfa-power/docs/_tex/index.tex:471: LaTeX Error: Unicode character λ (U+03BB)
               not set up for use with LaTeX.

See the LaTeX manual or LaTeX Companion for explanation.
Type  H <return>  for immediate help.
 ...                                              
                                                  
l.471 ...��─────────────
                                                  
You may provide a definition with
\DeclareUnicodeCharacter 


c:/Users/pablo/OneDrive/Github/cfa-power/docs/_tex/index.tex:471: LaTeX Error: Unicode character ─ (U+2500)
               not set up for use with LaTeX.

See the LaTeX manual or LaTeX Companion for explanation.
Type  H <return>  for immediate help.
 ...                                              
                                                  
l.471 ...��─────────────
                                                  
You may provide a definition with
\DeclareUnicodeCharacter 


c:/Users/pablo/OneDrive/Github/cfa-power/docs/_tex/index.tex:471: LaTeX Error: Unicode character ─ (U+2500)
               not set up for use with LaTeX.

See the LaTeX manual or LaTeX Companion for explanation.
Type  H <return>  for immediate help.
 ...                                              
                                                  
l.471 ...��─────────────
                                                  
You may provide a definition with
\DeclareUnicodeCharacter 


c:/Users/pablo/OneDrive/Github/cfa-power/docs/_tex/index.tex:471: LaTeX Error: Unicode character ─ (U+2500)
               not set up for use with LaTeX.

See the LaTeX manual or LaTeX Companion for explanation.
Type  H <return>  for immediate help.
 ...                                              
                                                  
l.471 ...��─────────────
                                                  
You may provide a definition with
\DeclareUnicodeCharacter 


c:/Users/pablo/OneDrive/Github/cfa-power/docs/_tex/index.tex:471: LaTeX Error: Unicode character ─ (U+2500)
               not set up for use with LaTeX.

See the LaTeX manual or LaTeX Companion for explanation.
Type  H <return>  for immediate help.
 ...                                              
                                                  
l.471 ...��─────────────
                                                  
You may provide a definition with
\DeclareUnicodeCharacter 


c:/Users/pablo/OneDrive/Github/cfa-power/docs/_tex/index.tex:471: LaTeX Error: Unicode character ─ (U+2500)
               not set up for use with LaTeX.

See the LaTeX manual or LaTeX Companion for explanation.
Type  H <return>  for immediate help.
 ...                                              
                                                  
l.471 ...��─────────────
                                                  
You may provide a definition with
\DeclareUnicodeCharacter 


c:/Users/pablo/OneDrive/Github/cfa-power/docs/_tex/index.tex:471: LaTeX Error: Unicode character ─ (U+2500)
               not set up for use with LaTeX.

See the LaTeX manual or LaTeX Companion for explanation.
Type  H <return>  for immediate help.
 ...                                              
                                                  
l.471 ...��─────────────
                                                  
You may provide a definition with
\DeclareUnicodeCharacter 


c:/Users/pablo/OneDrive/Github/cfa-power/docs/_tex/index.tex:471: LaTeX Error: Unicode character ─ (U+2500)
               not set up for use with LaTeX.

See the LaTeX manual or LaTeX Companion for explanation.
Type  H <return>  for immediate help.
 ...                                              
                                                  
l.471 ...��─────────────
                                                  
You may provide a definition with
\DeclareUnicodeCharacter 


c:/Users/pablo/OneDrive/Github/cfa-power/docs/_tex/index.tex:471: LaTeX Error: Unicode character ─ (U+2500)
               not set up for use with LaTeX.

See the LaTeX manual or LaTeX Companion for explanation.
Type  H <return>  for immediate help.
 ...                                              
                                                  
l.471 ...��─────────────
                                                  
You may provide a definition with
\DeclareUnicodeCharacter 


c:/Users/pablo/OneDrive/Github/cfa-power/docs/_tex/index.tex:471: LaTeX Error: Unicode character ─ (U+2500)
               not set up for use with LaTeX.

See the LaTeX manual or LaTeX Companion for explanation.
Type  H <return>  for immediate help.
 ...                                              
                                                  
l.471 ...��─────────────
                                                  
You may provide a definition with
\DeclareUnicodeCharacter 


c:/Users/pablo/OneDrive/Github/cfa-power/docs/_tex/index.tex:471: LaTeX Error: Unicode character ─ (U+2500)
               not set up for use with LaTeX.

See the LaTeX manual or LaTeX Companion for explanation.
Type  H <return>  for immediate help.
 ...                                              
                                                  
l.471 ...��─────────────
                                                  
You may provide a definition with
\DeclareUnicodeCharacter 


c:/Users/pablo/OneDrive/Github/cfa-power/docs/_tex/index.tex:471: LaTeX Error: Unicode character ─ (U+2500)
               not set up for use with LaTeX.

See the LaTeX manual or LaTeX Companion for explanation.
Type  H <return>  for immediate help.
 ...                                              
                                                  
l.471 ...��─────────────
                                                  
You may provide a definition with
\DeclareUnicodeCharacter 


c:/Users/pablo/OneDrive/Github/cfa-power/docs/_tex/index.tex:471: LaTeX Error: Unicode character ─ (U+2500)
               not set up for use with LaTeX.

See the LaTeX manual or LaTeX Companion for explanation.
Type  H <return>  for immediate help.
 ...                                              
                                                  
l.471 ...��─────────────
                                                  
You may provide a definition with
\DeclareUnicodeCharacter 


c:/Users/pablo/OneDrive/Github/cfa-power/docs/_tex/index.tex:471: LaTeX Error: Unicode character ─ (U+2500)
               not set up for use with LaTeX.

See the LaTeX manual or LaTeX Companion for explanation.
Type  H <return>  for immediate help.
 ...                                              
                                                  
l.471 ...��─────────────
                                                  
You may provide a definition with
\DeclareUnicodeCharacter 


c:/Users/pablo/OneDrive/Github/cfa-power/docs/_tex/index.tex:471: LaTeX Error: Unicode character ─ (U+2500)
               not set up for use with LaTeX.

See the LaTeX manual or LaTeX Companion for explanation.
Type  H <return>  for immediate help.
 ...                                              
                                                  
l.471 ...��─────────────
                                                  
You may provide a definition with
\DeclareUnicodeCharacter 


c:/Users/pablo/OneDrive/Github/cfa-power/docs/_tex/index.tex:471: LaTeX Error: Unicode character ─ (U+2500)
               not set up for use with LaTeX.

See the LaTeX manual or LaTeX Companion for explanation.
Type  H <return>  for immediate help.
 ...                                              
                                                  
l.471 ...��─────────────
                                                  
You may provide a definition with
\DeclareUnicodeCharacter 


c:/Users/pablo/OneDrive/Github/cfa-power/docs/_tex/index.tex:483: LaTeX Error: Unicode character ─ (U+2500)
               not set up for use with LaTeX.

See the LaTeX manual or LaTeX Companion for explanation.
Type  H <return>  for immediate help.
 ...                                              
                                                  
l.483 ...��─────────────
                                                  
You may provide a definition with
\DeclareUnicodeCharacter 


c:/Users/pablo/OneDrive/Github/cfa-power/docs/_tex/index.tex:483: LaTeX Error: Unicode character ─ (U+2500)
               not set up for use with LaTeX.

See the LaTeX manual or LaTeX Companion for explanation.
Type  H <return>  for immediate help.
 ...                                              
                                                  
l.483 ...��─────────────
                                                  
You may provide a definition with
\DeclareUnicodeCharacter 


c:/Users/pablo/OneDrive/Github/cfa-power/docs/_tex/index.tex:483: LaTeX Error: Unicode character ─ (U+2500)
               not set up for use with LaTeX.

See the LaTeX manual or LaTeX Companion for explanation.
Type  H <return>  for immediate help.
 ...                                              
                                                  
l.483 ...��─────────────
                                                  
You may provide a definition with
\DeclareUnicodeCharacter 


c:/Users/pablo/OneDrive/Github/cfa-power/docs/_tex/index.tex:483: LaTeX Error: Unicode character ─ (U+2500)
               not set up for use with LaTeX.

See the LaTeX manual or LaTeX Companion for explanation.
Type  H <return>  for immediate help.
 ...                                              
                                                  
l.483 ...��─────────────
                                                  
You may provide a definition with
\DeclareUnicodeCharacter 


c:/Users/pablo/OneDrive/Github/cfa-power/docs/_tex/index.tex:483: LaTeX Error: Unicode character ─ (U+2500)
               not set up for use with LaTeX.

See the LaTeX manual or LaTeX Companion for explanation.
Type  H <return>  for immediate help.
 ...                                              
                                                  
l.483 ...��─────────────
                                                  
You may provide a definition with
\DeclareUnicodeCharacter 


c:/Users/pablo/OneDrive/Github/cfa-power/docs/_tex/index.tex:483: LaTeX Error: Unicode character ─ (U+2500)
               not set up for use with LaTeX.

See the LaTeX manual or LaTeX Companion for explanation.
Type  H <return>  for immediate help.
 ...                                              
                                                  
l.483 ...��─────────────
                                                  
You may provide a definition with
\DeclareUnicodeCharacter 


c:/Users/pablo/OneDrive/Github/cfa-power/docs/_tex/index.tex:483: LaTeX Error: Unicode character ─ (U+2500)
               not set up for use with LaTeX.

See the LaTeX manual or LaTeX Companion for explanation.
Type  H <return>  for immediate help.
 ...                                              
                                                  
l.483 ...��─────────────
                                                  
You may provide a definition with
\DeclareUnicodeCharacter 


c:/Users/pablo/OneDrive/Github/cfa-power/docs/_tex/index.tex:483: LaTeX Error: Unicode character ─ (U+2500)
               not set up for use with LaTeX.

See the LaTeX manual or LaTeX Companion for explanation.
Type  H <return>  for immediate help.
 ...                                              
                                                  
l.483 ...��─────────────
                                                  
You may provide a definition with
\DeclareUnicodeCharacter 


c:/Users/pablo/OneDrive/Github/cfa-power/docs/_tex/index.tex:483: LaTeX Error: Unicode character ─ (U+2500)
               not set up for use with LaTeX.

See the LaTeX manual or LaTeX Companion for explanation.
Type  H <return>  for immediate help.
 ...                                              
                                                  
l.483 ...��─────────────
                                                  
You may provide a definition with
\DeclareUnicodeCharacter 


c:/Users/pablo/OneDrive/Github/cfa-power/docs/_tex/index.tex:483: LaTeX Error: Unicode character ─ (U+2500)
               not set up for use with LaTeX.

See the LaTeX manual or LaTeX Companion for explanation.
Type  H <return>  for immediate help.
 ...                                              
                                                  
l.483 ...��─────────────
                                                  
You may provide a definition with
\DeclareUnicodeCharacter 


c:/Users/pablo/OneDrive/Github/cfa-power/docs/_tex/index.tex:483: LaTeX Error: Unicode character ─ (U+2500)
               not set up for use with LaTeX.

See the LaTeX manual or LaTeX Companion for explanation.
Type  H <return>  for immediate help.
 ...                                              
                                                  
l.483 ...��─────────────
                                                  
You may provide a definition with
\DeclareUnicodeCharacter 


c:/Users/pablo/OneDrive/Github/cfa-power/docs/_tex/index.tex:483: LaTeX Error: Unicode character ─ (U+2500)
               not set up for use with LaTeX.

See the LaTeX manual or LaTeX Companion for explanation.
Type  H <return>  for immediate help.
 ...                                              
                                                  
l.483 ...��─────────────
                                                  
You may provide a definition with
\DeclareUnicodeCharacter 


c:/Users/pablo/OneDrive/Github/cfa-power/docs/_tex/index.tex:483: LaTeX Error: Unicode character ─ (U+2500)
               not set up for use with LaTeX.

See the LaTeX manual or LaTeX Companion for explanation.
Type  H <return>  for immediate help.
 ...                                              
                                                  
l.483 ...��─────────────
                                                  
You may provide a definition with
\DeclareUnicodeCharacter 


c:/Users/pablo/OneDrive/Github/cfa-power/docs/_tex/index.tex:483: LaTeX Error: Unicode character ─ (U+2500)
               not set up for use with LaTeX.

See the LaTeX manual or LaTeX Companion for explanation.
Type  H <return>  for immediate help.
 ...                                              
                                                  
l.483 ...��─────────────
                                                  
You may provide a definition with
\DeclareUnicodeCharacter 


c:/Users/pablo/OneDrive/Github/cfa-power/docs/_tex/index.tex:483: LaTeX Error: Unicode character ─ (U+2500)
               not set up for use with LaTeX.

See the LaTeX manual or LaTeX Companion for explanation.
Type  H <return>  for immediate help.
 ...                                              
                                                  
l.483 ...��─────────────
                                                  
You may provide a definition with
\DeclareUnicodeCharacter 


c:/Users/pablo/OneDrive/Github/cfa-power/docs/_tex/index.tex:483: LaTeX Error: Unicode character ─ (U+2500)
               not set up for use with LaTeX.

See the LaTeX manual or LaTeX Companion for explanation.
Type  H <return>  for immediate help.
 ...                                              
                                                  
l.483 ...��─────────────
                                                  
You may provide a definition with
\DeclareUnicodeCharacter 


c:/Users/pablo/OneDrive/Github/cfa-power/docs/_tex/index.tex:483: LaTeX Error: Unicode character ─ (U+2500)
               not set up for use with LaTeX.

See the LaTeX manual or LaTeX Companion for explanation.
Type  H <return>  for immediate help.
 ...                                              
                                                  
l.483 ...��─────────────
                                                  
You may provide a definition with
\DeclareUnicodeCharacter 


c:/Users/pablo/OneDrive/Github/cfa-power/docs/_tex/index.tex:483: LaTeX Error: Unicode character ─ (U+2500)
               not set up for use with LaTeX.

See the LaTeX manual or LaTeX Companion for explanation.
Type  H <return>  for immediate help.
 ...                                              
                                                  
l.483 ...��─────────────
                                                  
You may provide a definition with
\DeclareUnicodeCharacter 


c:/Users/pablo/OneDrive/Github/cfa-power/docs/_tex/index.tex:483: LaTeX Error: Unicode character ─ (U+2500)
               not set up for use with LaTeX.

See the LaTeX manual or LaTeX Companion for explanation.
Type  H <return>  for immediate help.
 ...                                              
                                                  
l.483 ...��─────────────
                                                  
You may provide a definition with
\DeclareUnicodeCharacter 


c:/Users/pablo/OneDrive/Github/cfa-power/docs/_tex/index.tex:483: LaTeX Error: Unicode character ─ (U+2500)
               not set up for use with LaTeX.

See the LaTeX manual or LaTeX Companion for explanation.
Type  H <return>  for immediate help.
 ...                                              
                                                  
l.483 ...��─────────────
                                                  
You may provide a definition with
\DeclareUnicodeCharacter 


c:/Users/pablo/OneDrive/Github/cfa-power/docs/_tex/index.tex:483: LaTeX Error: Unicode character ─ (U+2500)
               not set up for use with LaTeX.

See the LaTeX manual or LaTeX Companion for explanation.
Type  H <return>  for immediate help.
 ...                                              
                                                  
l.483 ...��─────────────
                                                  
You may provide a definition with
\DeclareUnicodeCharacter 


c:/Users/pablo/OneDrive/Github/cfa-power/docs/_tex/index.tex:483: LaTeX Error: Unicode character ─ (U+2500)
               not set up for use with LaTeX.

See the LaTeX manual or LaTeX Companion for explanation.
Type  H <return>  for immediate help.
 ...                                              
                                                  
l.483 ...��─────────────
                                                  
You may provide a definition with
\DeclareUnicodeCharacter 


c:/Users/pablo/OneDrive/Github/cfa-power/docs/_tex/index.tex:483: LaTeX Error: Unicode character ─ (U+2500)
               not set up for use with LaTeX.

See the LaTeX manual or LaTeX Companion for explanation.
Type  H <return>  for immediate help.
 ...                                              
                                                  
l.483 ...��─────────────
                                                  
You may provide a definition with
\DeclareUnicodeCharacter 


c:/Users/pablo/OneDrive/Github/cfa-power/docs/_tex/index.tex:483: LaTeX Error: Unicode character ─ (U+2500)
               not set up for use with LaTeX.

See the LaTeX manual or LaTeX Companion for explanation.
Type  H <return>  for immediate help.
 ...                                              
                                                  
l.483 ...��─────────────
                                                  
You may provide a definition with
\DeclareUnicodeCharacter 


c:/Users/pablo/OneDrive/Github/cfa-power/docs/_tex/index.tex:483: LaTeX Error: Unicode character ─ (U+2500)
               not set up for use with LaTeX.

See the LaTeX manual or LaTeX Companion for explanation.
Type  H <return>  for immediate help.
 ...                                              
                                                  
l.483 ...��─────────────
                                                  
You may provide a definition with
\DeclareUnicodeCharacter 


c:/Users/pablo/OneDrive/Github/cfa-power/docs/_tex/index.tex:483: LaTeX Error: Unicode character ─ (U+2500)
               not set up for use with LaTeX.

See the LaTeX manual or LaTeX Companion for explanation.
Type  H <return>  for immediate help.
 ...                                              
                                                  
l.483 ...��─────────────
                                                  
You may provide a definition with
\DeclareUnicodeCharacter 


c:/Users/pablo/OneDrive/Github/cfa-power/docs/_tex/index.tex:483: LaTeX Error: Unicode character ─ (U+2500)
               not set up for use with LaTeX.

See the LaTeX manual or LaTeX Companion for explanation.
Type  H <return>  for immediate help.
 ...                                              
                                                  
l.483 ...��─────────────
                                                  
You may provide a definition with
\DeclareUnicodeCharacter 


c:/Users/pablo/OneDrive/Github/cfa-power/docs/_tex/index.tex:483: LaTeX Error: Unicode character ─ (U+2500)
               not set up for use with LaTeX.

See the LaTeX manual or LaTeX Companion for explanation.
Type  H <return>  for immediate help.
 ...                                              
                                                  
l.483 ...��─────────────
                                                  
You may provide a definition with
\DeclareUnicodeCharacter 


c:/Users/pablo/OneDrive/Github/cfa-power/docs/_tex/index.tex:483: LaTeX Error: Unicode character ─ (U+2500)
               not set up for use with LaTeX.

See the LaTeX manual or LaTeX Companion for explanation.
Type  H <return>  for immediate help.
 ...                                              
                                                  
l.483 ...��─────────────
                                                  
You may provide a definition with
\DeclareUnicodeCharacter 


c:/Users/pablo/OneDrive/Github/cfa-power/docs/_tex/index.tex:483: LaTeX Error: Unicode character ─ (U+2500)
               not set up for use with LaTeX.

See the LaTeX manual or LaTeX Companion for explanation.
Type  H <return>  for immediate help.
 ...                                              
                                                  
l.483 ...��─────────────
                                                  
You may provide a definition with
\DeclareUnicodeCharacter 


c:/Users/pablo/OneDrive/Github/cfa-power/docs/_tex/index.tex:483: LaTeX Error: Unicode character ─ (U+2500)
               not set up for use with LaTeX.

See the LaTeX manual or LaTeX Companion for explanation.
Type  H <return>  for immediate help.
 ...                                              
                                                  
l.483 ...��─────────────
                                                  
You may provide a definition with
\DeclareUnicodeCharacter 


c:/Users/pablo/OneDrive/Github/cfa-power/docs/_tex/index.tex:483: LaTeX Error: Unicode character ─ (U+2500)
               not set up for use with LaTeX.

See the LaTeX manual or LaTeX Companion for explanation.
Type  H <return>  for immediate help.
 ...                                              
                                                  
l.483 ...��─────────────
                                                  
You may provide a definition with
\DeclareUnicodeCharacter 


c:/Users/pablo/OneDrive/Github/cfa-power/docs/_tex/index.tex:483: LaTeX Error: Unicode character ─ (U+2500)
               not set up for use with LaTeX.

See the LaTeX manual or LaTeX Companion for explanation.
Type  H <return>  for immediate help.
 ...                                              
                                                  
l.483 ...��─────────────
                                                  
You may provide a definition with
\DeclareUnicodeCharacter 


c:/Users/pablo/OneDrive/Github/cfa-power/docs/_tex/index.tex:483: LaTeX Error: Unicode character ─ (U+2500)
               not set up for use with LaTeX.

See the LaTeX manual or LaTeX Companion for explanation.
Type  H <return>  for immediate help.
 ...                                              
                                                  
l.483 ...��─────────────
                                                  
You may provide a definition with
\DeclareUnicodeCharacter 


c:/Users/pablo/OneDrive/Github/cfa-power/docs/_tex/index.tex:483: LaTeX Error: Unicode character ─ (U+2500)
               not set up for use with LaTeX.

See the LaTeX manual or LaTeX Companion for explanation.
Type  H <return>  for immediate help.
 ...                                              
                                                  
l.483 ...��─────────────
                                                  
You may provide a definition with
\DeclareUnicodeCharacter 


c:/Users/pablo/OneDrive/Github/cfa-power/docs/_tex/index.tex:483: LaTeX Error: Unicode character ─ (U+2500)
               not set up for use with LaTeX.

See the LaTeX manual or LaTeX Companion for explanation.
Type  H <return>  for immediate help.
 ...                                              
                                                  
l.483 ...��─────────────
                                                  
You may provide a definition with
\DeclareUnicodeCharacter 


c:/Users/pablo/OneDrive/Github/cfa-power/docs/_tex/index.tex:483: LaTeX Error: Unicode character ─ (U+2500)
               not set up for use with LaTeX.

See the LaTeX manual or LaTeX Companion for explanation.
Type  H <return>  for immediate help.
 ...                                              
                                                  
l.483 ...��─────────────
                                                  
You may provide a definition with
\DeclareUnicodeCharacter 


c:/Users/pablo/OneDrive/Github/cfa-power/docs/_tex/index.tex:483: LaTeX Error: Unicode character ─ (U+2500)
               not set up for use with LaTeX.

See the LaTeX manual or LaTeX Companion for explanation.
Type  H <return>  for immediate help.
 ...                                              
                                                  
l.483 ...��─────────────
                                                  
You may provide a definition with
\DeclareUnicodeCharacter 


c:/Users/pablo/OneDrive/Github/cfa-power/docs/_tex/index.tex:483: LaTeX Error: Unicode character ─ (U+2500)
               not set up for use with LaTeX.

See the LaTeX manual or LaTeX Companion for explanation.
Type  H <return>  for immediate help.
 ...                                              
                                                  
l.483 ...��─────────────
                                                  
You may provide a definition with
\DeclareUnicodeCharacter 


c:/Users/pablo/OneDrive/Github/cfa-power/docs/_tex/index.tex:483: LaTeX Error: Unicode character ─ (U+2500)
               not set up for use with LaTeX.

See the LaTeX manual or LaTeX Companion for explanation.
Type  H <return>  for immediate help.
 ...                                              
                                                  
l.483 ...��─────────────
                                                  
You may provide a definition with
\DeclareUnicodeCharacter 


c:/Users/pablo/OneDrive/Github/cfa-power/docs/_tex/index.tex:483: LaTeX Error: Unicode character ─ (U+2500)
               not set up for use with LaTeX.

See the LaTeX manual or LaTeX Companion for explanation.
Type  H <return>  for immediate help.
 ...                                              
                                                  
l.483 ...��─────────────
                                                  
You may provide a definition with
\DeclareUnicodeCharacter 


c:/Users/pablo/OneDrive/Github/cfa-power/docs/_tex/index.tex:483: LaTeX Error: Unicode character ─ (U+2500)
               not set up for use with LaTeX.

See the LaTeX manual or LaTeX Companion for explanation.
Type  H <return>  for immediate help.
 ...                                              
                                                  
l.483 ...��─────────────
                                                  
You may provide a definition with
\DeclareUnicodeCharacter 


c:/Users/pablo/OneDrive/Github/cfa-power/docs/_tex/index.tex:483: LaTeX Error: Unicode character ─ (U+2500)
               not set up for use with LaTeX.

See the LaTeX manual or LaTeX Companion for explanation.
Type  H <return>  for immediate help.
 ...                                              
                                                  
l.483 ...��─────────────
                                                  
You may provide a definition with
\DeclareUnicodeCharacter 


c:/Users/pablo/OneDrive/Github/cfa-power/docs/_tex/index.tex:483: LaTeX Error: Unicode character ─ (U+2500)
               not set up for use with LaTeX.

See the LaTeX manual or LaTeX Companion for explanation.
Type  H <return>  for immediate help.
 ...                                              
                                                  
l.483 ...��─────────────
                                                  
You may provide a definition with
\DeclareUnicodeCharacter 


c:/Users/pablo/OneDrive/Github/cfa-power/docs/_tex/index.tex:483: LaTeX Error: Unicode character ─ (U+2500)
               not set up for use with LaTeX.

See the LaTeX manual or LaTeX Companion for explanation.
Type  H <return>  for immediate help.
 ...                                              
                                                  
l.483 ...��─────────────
                                                  
You may provide a definition with
\DeclareUnicodeCharacter 


c:/Users/pablo/OneDrive/Github/cfa-power/docs/_tex/index.tex:483: LaTeX Error: Unicode character ─ (U+2500)
               not set up for use with LaTeX.

See the LaTeX manual or LaTeX Companion for explanation.
Type  H <return>  for immediate help.
 ...                                              
                                                  
l.483 ...��─────────────
                                                  
You may provide a definition with
\DeclareUnicodeCharacter 


c:/Users/pablo/OneDrive/Github/cfa-power/docs/_tex/index.tex:484: LaTeX Error: Unicode character − (U+2212)
               not set up for use with LaTeX.

See the LaTeX manual or LaTeX Companion for explanation.
Type  H <return>  for immediate help.
 ...                                              
                                                  
l.484 ...; cov = 0.30 × (1 − 0.4758²) = 0.2321
                                                  
You may provide a definition with
\DeclareUnicodeCharacter 


c:/Users/pablo/OneDrive/Github/cfa-power/docs/_tex/index.tex:487: LaTeX Error: Unicode character ─ (U+2500)
               not set up for use with LaTeX.

See the LaTeX manual or LaTeX Companion for explanation.
Type  H <return>  for immediate help.
 ...                                              
                                                  
l.487 ...��─────────────
                                                  
You may provide a definition with
\DeclareUnicodeCharacter 


c:/Users/pablo/OneDrive/Github/cfa-power/docs/_tex/index.tex:487: LaTeX Error: Unicode character ─ (U+2500)
               not set up for use with LaTeX.

See the LaTeX manual or LaTeX Companion for explanation.
Type  H <return>  for immediate help.
 ...                                              
                                                  
l.487 ...��─────────────
                                                  
You may provide a definition with
\DeclareUnicodeCharacter 


c:/Users/pablo/OneDrive/Github/cfa-power/docs/_tex/index.tex:487: LaTeX Error: Unicode character ─ (U+2500)
               not set up for use with LaTeX.

See the LaTeX manual or LaTeX Companion for explanation.
Type  H <return>  for immediate help.
 ...                                              
                                                  
l.487 ...��─────────────
                                                  
You may provide a definition with
\DeclareUnicodeCharacter 


c:/Users/pablo/OneDrive/Github/cfa-power/docs/_tex/index.tex:487: LaTeX Error: Unicode character ─ (U+2500)
               not set up for use with LaTeX.

See the LaTeX manual or LaTeX Companion for explanation.
Type  H <return>  for immediate help.
 ...                                              
                                                  
l.487 ...��─────────────
                                                  
You may provide a definition with
\DeclareUnicodeCharacter 


c:/Users/pablo/OneDrive/Github/cfa-power/docs/_tex/index.tex:487: LaTeX Error: Unicode character ─ (U+2500)
               not set up for use with LaTeX.

See the LaTeX manual or LaTeX Companion for explanation.
Type  H <return>  for immediate help.
 ...                                              
                                                  
l.487 ...��─────────────
                                                  
You may provide a definition with
\DeclareUnicodeCharacter 


c:/Users/pablo/OneDrive/Github/cfa-power/docs/_tex/index.tex:487: LaTeX Error: Unicode character ─ (U+2500)
               not set up for use with LaTeX.

See the LaTeX manual or LaTeX Companion for explanation.
Type  H <return>  for immediate help.
 ...                                              
                                                  
l.487 ...��─────────────
                                                  
You may provide a definition with
\DeclareUnicodeCharacter 


c:/Users/pablo/OneDrive/Github/cfa-power/docs/_tex/index.tex:487: LaTeX Error: Unicode character ─ (U+2500)
               not set up for use with LaTeX.

See the LaTeX manual or LaTeX Companion for explanation.
Type  H <return>  for immediate help.
 ...                                              
                                                  
l.487 ...��─────────────
                                                  
You may provide a definition with
\DeclareUnicodeCharacter 


c:/Users/pablo/OneDrive/Github/cfa-power/docs/_tex/index.tex:487: LaTeX Error: Unicode character ─ (U+2500)
               not set up for use with LaTeX.

See the LaTeX manual or LaTeX Companion for explanation.
Type  H <return>  for immediate help.
 ...                                              
                                                  
l.487 ...��─────────────
                                                  
You may provide a definition with
\DeclareUnicodeCharacter 


c:/Users/pablo/OneDrive/Github/cfa-power/docs/_tex/index.tex:487: LaTeX Error: Unicode character ─ (U+2500)
               not set up for use with LaTeX.

See the LaTeX manual or LaTeX Companion for explanation.
Type  H <return>  for immediate help.
 ...                                              
                                                  
l.487 ...��─────────────
                                                  
You may provide a definition with
\DeclareUnicodeCharacter 


c:/Users/pablo/OneDrive/Github/cfa-power/docs/_tex/index.tex:487: LaTeX Error: Unicode character ─ (U+2500)
               not set up for use with LaTeX.

See the LaTeX manual or LaTeX Companion for explanation.
Type  H <return>  for immediate help.
 ...                                              
                                                  
l.487 ...��─────────────
                                                  
You may provide a definition with
\DeclareUnicodeCharacter 


c:/Users/pablo/OneDrive/Github/cfa-power/docs/_tex/index.tex:487: LaTeX Error: Unicode character ─ (U+2500)
               not set up for use with LaTeX.

See the LaTeX manual or LaTeX Companion for explanation.
Type  H <return>  for immediate help.
 ...                                              
                                                  
l.487 ...��─────────────
                                                  
You may provide a definition with
\DeclareUnicodeCharacter 


c:/Users/pablo/OneDrive/Github/cfa-power/docs/_tex/index.tex:487: LaTeX Error: Unicode character ─ (U+2500)
               not set up for use with LaTeX.

See the LaTeX manual or LaTeX Companion for explanation.
Type  H <return>  for immediate help.
 ...                                              
                                                  
l.487 ...��─────────────
                                                  
You may provide a definition with
\DeclareUnicodeCharacter 


c:/Users/pablo/OneDrive/Github/cfa-power/docs/_tex/index.tex:487: LaTeX Error: Unicode character ─ (U+2500)
               not set up for use with LaTeX.

See the LaTeX manual or LaTeX Companion for explanation.
Type  H <return>  for immediate help.
 ...                                              
                                                  
l.487 ...��─────────────
                                                  
You may provide a definition with
\DeclareUnicodeCharacter 


c:/Users/pablo/OneDrive/Github/cfa-power/docs/_tex/index.tex:487: LaTeX Error: Unicode character ─ (U+2500)
               not set up for use with LaTeX.

See the LaTeX manual or LaTeX Companion for explanation.
Type  H <return>  for immediate help.
 ...                                              
                                                  
l.487 ...��─────────────
                                                  
You may provide a definition with
\DeclareUnicodeCharacter 


c:/Users/pablo/OneDrive/Github/cfa-power/docs/_tex/index.tex:487: LaTeX Error: Unicode character ─ (U+2500)
               not set up for use with LaTeX.

See the LaTeX manual or LaTeX Companion for explanation.
Type  H <return>  for immediate help.
 ...                                              
                                                  
l.487 ...��─────────────
                                                  
You may provide a definition with
\DeclareUnicodeCharacter 


c:/Users/pablo/OneDrive/Github/cfa-power/docs/_tex/index.tex:487: LaTeX Error: Unicode character ─ (U+2500)
               not set up for use with LaTeX.

See the LaTeX manual or LaTeX Companion for explanation.
Type  H <return>  for immediate help.
 ...                                              
                                                  
l.487 ...��─────────────
                                                  
You may provide a definition with
\DeclareUnicodeCharacter 


c:/Users/pablo/OneDrive/Github/cfa-power/docs/_tex/index.tex:487: LaTeX Error: Unicode character ─ (U+2500)
               not set up for use with LaTeX.

See the LaTeX manual or LaTeX Companion for explanation.
Type  H <return>  for immediate help.
 ...                                              
                                                  
l.487 ...��─────────────
                                                  
You may provide a definition with
\DeclareUnicodeCharacter 


c:/Users/pablo/OneDrive/Github/cfa-power/docs/_tex/index.tex:487: LaTeX Error: Unicode character ─ (U+2500)
               not set up for use with LaTeX.

See the LaTeX manual or LaTeX Companion for explanation.
Type  H <return>  for immediate help.
 ...                                              
                                                  
l.487 ...��─────────────
                                                  
You may provide a definition with
\DeclareUnicodeCharacter 


c:/Users/pablo/OneDrive/Github/cfa-power/docs/_tex/index.tex:487: LaTeX Error: Unicode character ─ (U+2500)
               not set up for use with LaTeX.

See the LaTeX manual or LaTeX Companion for explanation.
Type  H <return>  for immediate help.
 ...                                              
                                                  
l.487 ...��─────────────
                                                  
You may provide a definition with
\DeclareUnicodeCharacter 


c:/Users/pablo/OneDrive/Github/cfa-power/docs/_tex/index.tex:487: LaTeX Error: Unicode character ─ (U+2500)
               not set up for use with LaTeX.

See the LaTeX manual or LaTeX Companion for explanation.
Type  H <return>  for immediate help.
 ...                                              
                                                  
l.487 ...��─────────────
                                                  
You may provide a definition with
\DeclareUnicodeCharacter 


c:/Users/pablo/OneDrive/Github/cfa-power/docs/_tex/index.tex:487: LaTeX Error: Unicode character ─ (U+2500)
               not set up for use with LaTeX.

See the LaTeX manual or LaTeX Companion for explanation.
Type  H <return>  for immediate help.
 ...                                              
                                                  
l.487 ...��─────────────
                                                  
You may provide a definition with
\DeclareUnicodeCharacter 


c:/Users/pablo/OneDrive/Github/cfa-power/docs/_tex/index.tex:487: LaTeX Error: Unicode character ─ (U+2500)
               not set up for use with LaTeX.

See the LaTeX manual or LaTeX Companion for explanation.
Type  H <return>  for immediate help.
 ...                                              
                                                  
l.487 ...��─────────────
                                                  
You may provide a definition with
\DeclareUnicodeCharacter 


c:/Users/pablo/OneDrive/Github/cfa-power/docs/_tex/index.tex:488: LaTeX Error: Unicode character φ (U+03C6)
               not set up for use with LaTeX.

See the LaTeX manual or LaTeX Companion for explanation.
Type  H <return>  for immediate help.
 ...                                              
                                                  
l.488 ...Yao (2022) range — pessimistic scenario
                                                  
You may provide a definition with
\DeclareUnicodeCharacter 


c:/Users/pablo/OneDrive/Github/cfa-power/docs/_tex/index.tex:494: LaTeX Error: Unicode character ─ (U+2500)
               not set up for use with LaTeX.

See the LaTeX manual or LaTeX Companion for explanation.
Type  H <return>  for immediate help.
 ...                                              
                                                  
l.494 ...��─────────────
                                                  
You may provide a definition with
\DeclareUnicodeCharacter 


c:/Users/pablo/OneDrive/Github/cfa-power/docs/_tex/index.tex:494: LaTeX Error: Unicode character ─ (U+2500)
               not set up for use with LaTeX.

See the LaTeX manual or LaTeX Companion for explanation.
Type  H <return>  for immediate help.
 ...                                              
                                                  
l.494 ...��─────────────
                                                  
You may provide a definition with
\DeclareUnicodeCharacter 


c:/Users/pablo/OneDrive/Github/cfa-power/docs/_tex/index.tex:494: LaTeX Error: Unicode character θ (U+03B8)
               not set up for use with LaTeX.

See the LaTeX manual or LaTeX Companion for explanation.
Type  H <return>  for immediate help.
 ...                                              
                                                  
l.494 ...��─────────────
                                                  
You may provide a definition with
\DeclareUnicodeCharacter 


c:/Users/pablo/OneDrive/Github/cfa-power/docs/_tex/index.tex:494: LaTeX Error: Unicode character − (U+2212)
               not set up for use with LaTeX.

See the LaTeX manual or LaTeX Companion for explanation.
Type  H <return>  for immediate help.
 ...                                              
                                                  
l.494 ...��─────────────
                                                  
You may provide a definition with
\DeclareUnicodeCharacter 


c:/Users/pablo/OneDrive/Github/cfa-power/docs/_tex/index.tex:494: LaTeX Error: Unicode character λ (U+03BB)
               not set up for use with LaTeX.

See the LaTeX manual or LaTeX Companion for explanation.
Type  H <return>  for immediate help.
 ...                                              
                                                  
l.494 ...��─────────────
                                                  
You may provide a definition with
\DeclareUnicodeCharacter 


c:/Users/pablo/OneDrive/Github/cfa-power/docs/_tex/index.tex:494: LaTeX Error: Unicode character ─ (U+2500)
               not set up for use with LaTeX.

See the LaTeX manual or LaTeX Companion for explanation.
Type  H <return>  for immediate help.
 ...                                              
                                                  
l.494 ...��─────────────
                                                  
You may provide a definition with
\DeclareUnicodeCharacter 


c:/Users/pablo/OneDrive/Github/cfa-power/docs/_tex/index.tex:494: LaTeX Error: Unicode character ─ (U+2500)
               not set up for use with LaTeX.

See the LaTeX manual or LaTeX Companion for explanation.
Type  H <return>  for immediate help.
 ...                                              
                                                  
l.494 ...��─────────────
                                                  
You may provide a definition with
\DeclareUnicodeCharacter 


c:/Users/pablo/OneDrive/Github/cfa-power/docs/_tex/index.tex:494: LaTeX Error: Unicode character ─ (U+2500)
               not set up for use with LaTeX.

See the LaTeX manual or LaTeX Companion for explanation.
Type  H <return>  for immediate help.
 ...                                              
                                                  
l.494 ...��─────────────
                                                  
You may provide a definition with
\DeclareUnicodeCharacter 


c:/Users/pablo/OneDrive/Github/cfa-power/docs/_tex/index.tex:494: LaTeX Error: Unicode character ─ (U+2500)
               not set up for use with LaTeX.

See the LaTeX manual or LaTeX Companion for explanation.
Type  H <return>  for immediate help.
 ...                                              
                                                  
l.494 ...��─────────────
                                                  
You may provide a definition with
\DeclareUnicodeCharacter 


c:/Users/pablo/OneDrive/Github/cfa-power/docs/_tex/index.tex:494: LaTeX Error: Unicode character ─ (U+2500)
               not set up for use with LaTeX.

See the LaTeX manual or LaTeX Companion for explanation.
Type  H <return>  for immediate help.
 ...                                              
                                                  
l.494 ...��─────────────
                                                  
You may provide a definition with
\DeclareUnicodeCharacter 


c:/Users/pablo/OneDrive/Github/cfa-power/docs/_tex/index.tex:494: LaTeX Error: Unicode character ─ (U+2500)
               not set up for use with LaTeX.

See the LaTeX manual or LaTeX Companion for explanation.
Type  H <return>  for immediate help.
 ...                                              
                                                  
l.494 ...��─────────────
                                                  
You may provide a definition with
\DeclareUnicodeCharacter 


c:/Users/pablo/OneDrive/Github/cfa-power/docs/_tex/index.tex:494: LaTeX Error: Unicode character ─ (U+2500)
               not set up for use with LaTeX.

See the LaTeX manual or LaTeX Companion for explanation.
Type  H <return>  for immediate help.
 ...                                              
                                                  
l.494 ...��─────────────
                                                  
You may provide a definition with
\DeclareUnicodeCharacter 


c:/Users/pablo/OneDrive/Github/cfa-power/docs/_tex/index.tex:494: LaTeX Error: Unicode character ─ (U+2500)
               not set up for use with LaTeX.

See the LaTeX manual or LaTeX Companion for explanation.
Type  H <return>  for immediate help.
 ...                                              
                                                  
l.494 ...��─────────────
                                                  
You may provide a definition with
\DeclareUnicodeCharacter 


c:/Users/pablo/OneDrive/Github/cfa-power/docs/_tex/index.tex:494: LaTeX Error: Unicode character ─ (U+2500)
               not set up for use with LaTeX.

See the LaTeX manual or LaTeX Companion for explanation.
Type  H <return>  for immediate help.
 ...                                              
                                                  
l.494 ...��─────────────
                                                  
You may provide a definition with
\DeclareUnicodeCharacter 


c:/Users/pablo/OneDrive/Github/cfa-power/docs/_tex/index.tex:494: LaTeX Error: Unicode character ─ (U+2500)
               not set up for use with LaTeX.

See the LaTeX manual or LaTeX Companion for explanation.
Type  H <return>  for immediate help.
 ...                                              
                                                  
l.494 ...��─────────────
                                                  
You may provide a definition with
\DeclareUnicodeCharacter 


c:/Users/pablo/OneDrive/Github/cfa-power/docs/_tex/index.tex:494: LaTeX Error: Unicode character ─ (U+2500)
               not set up for use with LaTeX.

See the LaTeX manual or LaTeX Companion for explanation.
Type  H <return>  for immediate help.
 ...                                              
                                                  
l.494 ...��─────────────
                                                  
You may provide a definition with
\DeclareUnicodeCharacter 


c:/Users/pablo/OneDrive/Github/cfa-power/docs/_tex/index.tex:494: LaTeX Error: Unicode character ─ (U+2500)
               not set up for use with LaTeX.

See the LaTeX manual or LaTeX Companion for explanation.
Type  H <return>  for immediate help.
 ...                                              
                                                  
l.494 ...��─────────────
                                                  
You may provide a definition with
\DeclareUnicodeCharacter 


c:/Users/pablo/OneDrive/Github/cfa-power/docs/_tex/index.tex:494: LaTeX Error: Unicode character ─ (U+2500)
               not set up for use with LaTeX.

See the LaTeX manual or LaTeX Companion for explanation.
Type  H <return>  for immediate help.
 ...                                              
                                                  
l.494 ...��─────────────
                                                  
You may provide a definition with
\DeclareUnicodeCharacter 


c:/Users/pablo/OneDrive/Github/cfa-power/docs/_tex/index.tex:494: LaTeX Error: Unicode character ─ (U+2500)
               not set up for use with LaTeX.

See the LaTeX manual or LaTeX Companion for explanation.
Type  H <return>  for immediate help.
 ...                                              
                                                  
l.494 ...��─────────────
                                                  
You may provide a definition with
\DeclareUnicodeCharacter 


c:/Users/pablo/OneDrive/Github/cfa-power/docs/_tex/index.tex:494: LaTeX Error: Unicode character ─ (U+2500)
               not set up for use with LaTeX.

See the LaTeX manual or LaTeX Companion for explanation.
Type  H <return>  for immediate help.
 ...                                              
                                                  
l.494 ...��─────────────
                                                  
You may provide a definition with
\DeclareUnicodeCharacter 


c:/Users/pablo/OneDrive/Github/cfa-power/docs/_tex/index.tex:494: LaTeX Error: Unicode character ─ (U+2500)
               not set up for use with LaTeX.

See the LaTeX manual or LaTeX Companion for explanation.
Type  H <return>  for immediate help.
 ...                                              
                                                  
l.494 ...��─────────────
                                                  
You may provide a definition with
\DeclareUnicodeCharacter 


c:/Users/pablo/OneDrive/Github/cfa-power/docs/_tex/index.tex:494: LaTeX Error: Unicode character ─ (U+2500)
               not set up for use with LaTeX.

See the LaTeX manual or LaTeX Companion for explanation.
Type  H <return>  for immediate help.
 ...                                              
                                                  
l.494 ...��─────────────
                                                  
You may provide a definition with
\DeclareUnicodeCharacter 


c:/Users/pablo/OneDrive/Github/cfa-power/docs/_tex/index.tex:494: LaTeX Error: Unicode character ─ (U+2500)
               not set up for use with LaTeX.

See the LaTeX manual or LaTeX Companion for explanation.
Type  H <return>  for immediate help.
 ...                                              
                                                  
l.494 ...��─────────────
                                                  
You may provide a definition with
\DeclareUnicodeCharacter 


c:/Users/pablo/OneDrive/Github/cfa-power/docs/_tex/index.tex:494: LaTeX Error: Unicode character ─ (U+2500)
               not set up for use with LaTeX.

See the LaTeX manual or LaTeX Companion for explanation.
Type  H <return>  for immediate help.
 ...                                              
                                                  
l.494 ...��─────────────
                                                  
You may provide a definition with
\DeclareUnicodeCharacter 


c:/Users/pablo/OneDrive/Github/cfa-power/docs/_tex/index.tex:494: LaTeX Error: Unicode character ─ (U+2500)
               not set up for use with LaTeX.

See the LaTeX manual or LaTeX Companion for explanation.
Type  H <return>  for immediate help.
 ...                                              
                                                  
l.494 ...��─────────────
                                                  
You may provide a definition with
\DeclareUnicodeCharacter 


c:/Users/pablo/OneDrive/Github/cfa-power/docs/_tex/index.tex:494: LaTeX Error: Unicode character ─ (U+2500)
               not set up for use with LaTeX.

See the LaTeX manual or LaTeX Companion for explanation.
Type  H <return>  for immediate help.
 ...                                              
                                                  
l.494 ...��─────────────
                                                  
You may provide a definition with
\DeclareUnicodeCharacter 


c:/Users/pablo/OneDrive/Github/cfa-power/docs/_tex/index.tex:494: LaTeX Error: Unicode character ─ (U+2500)
               not set up for use with LaTeX.

See the LaTeX manual or LaTeX Companion for explanation.
Type  H <return>  for immediate help.
 ...                                              
                                                  
l.494 ...��─────────────
                                                  
You may provide a definition with
\DeclareUnicodeCharacter 


c:/Users/pablo/OneDrive/Github/cfa-power/docs/_tex/index.tex:494: LaTeX Error: Unicode character ─ (U+2500)
               not set up for use with LaTeX.

See the LaTeX manual or LaTeX Companion for explanation.
Type  H <return>  for immediate help.
 ...                                              
                                                  
l.494 ...��─────────────
                                                  
You may provide a definition with
\DeclareUnicodeCharacter 


c:/Users/pablo/OneDrive/Github/cfa-power/docs/_tex/index.tex:494: LaTeX Error: Unicode character ─ (U+2500)
               not set up for use with LaTeX.

See the LaTeX manual or LaTeX Companion for explanation.
Type  H <return>  for immediate help.
 ...                                              
                                                  
l.494 ...��─────────────
                                                  
You may provide a definition with
\DeclareUnicodeCharacter 


c:/Users/pablo/OneDrive/Github/cfa-power/docs/_tex/index.tex:494: LaTeX Error: Unicode character ─ (U+2500)
               not set up for use with LaTeX.

See the LaTeX manual or LaTeX Companion for explanation.
Type  H <return>  for immediate help.
 ...                                              
                                                  
l.494 ...��─────────────
                                                  
You may provide a definition with
\DeclareUnicodeCharacter 


c:/Users/pablo/OneDrive/Github/cfa-power/docs/_tex/index.tex:494: LaTeX Error: Unicode character ─ (U+2500)
               not set up for use with LaTeX.

See the LaTeX manual or LaTeX Companion for explanation.
Type  H <return>  for immediate help.
 ...                                              
                                                  
l.494 ...��─────────────
                                                  
You may provide a definition with
\DeclareUnicodeCharacter 


c:/Users/pablo/OneDrive/Github/cfa-power/docs/_tex/index.tex:494: LaTeX Error: Unicode character ─ (U+2500)
               not set up for use with LaTeX.

See the LaTeX manual or LaTeX Companion for explanation.
Type  H <return>  for immediate help.
 ...                                              
                                                  
l.494 ...��─────────────
                                                  
You may provide a definition with
\DeclareUnicodeCharacter 


c:/Users/pablo/OneDrive/Github/cfa-power/docs/_tex/index.tex:494: LaTeX Error: Unicode character ─ (U+2500)
               not set up for use with LaTeX.

See the LaTeX manual or LaTeX Companion for explanation.
Type  H <return>  for immediate help.
 ...                                              
                                                  
l.494 ...��─────────────
                                                  
You may provide a definition with
\DeclareUnicodeCharacter 


c:/Users/pablo/OneDrive/Github/cfa-power/docs/_tex/index.tex:495: LaTeX Error: Unicode character θ (U+03B8)
               not set up for use with LaTeX.

See the LaTeX manual or LaTeX Companion for explanation.
Type  H <return>  for immediate help.
 ...                                              
                                                  
l.495 ...ychological: θ = 1 − 0.5328² = 0.7161
                                                  
You may provide a definition with
\DeclareUnicodeCharacter 


c:/Users/pablo/OneDrive/Github/cfa-power/docs/_tex/index.tex:495: LaTeX Error: Unicode character − (U+2212)
               not set up for use with LaTeX.

See the LaTeX manual or LaTeX Companion for explanation.
Type  H <return>  for immediate help.
 ...                                              
                                                  
l.495 ...ychological: θ = 1 − 0.5328² = 0.7161
                                                  
You may provide a definition with
\DeclareUnicodeCharacter 


c:/Users/pablo/OneDrive/Github/cfa-power/docs/_tex/index.tex:501: LaTeX Error: Unicode character θ (U+03B8)
               not set up for use with LaTeX.

See the LaTeX manual or LaTeX Companion for explanation.
Type  H <return>  for immediate help.
 ...                                              
                                                  
l.501 ... # Physical: θ = 1 − 0.4758² = 0.7736
                                                  
You may provide a definition with
\DeclareUnicodeCharacter 


c:/Users/pablo/OneDrive/Github/cfa-power/docs/_tex/index.tex:501: LaTeX Error: Unicode character − (U+2212)
               not set up for use with LaTeX.

See the LaTeX manual or LaTeX Companion for explanation.
Type  H <return>  for immediate help.
 ...                                              
                                                  
l.501 ... # Physical: θ = 1 − 0.4758² = 0.7736
                                                  
You may provide a definition with
\DeclareUnicodeCharacter 

[6{c:/Users/pablo/AppData/Roaming/TinyTeX/texmf-dist/fonts/enc/dvips/lm/lm-mathex.enc}]

c:/Users/pablo/OneDrive/Github/cfa-power/docs/_tex/index.tex:508: LaTeX Error: Unicode character θ (U+03B8)
               not set up for use with LaTeX.

See the LaTeX manual or LaTeX Companion for explanation.
Type  H <return>  for immediate help.
 ...                                              
                                                  
l.508 ...   # Social: θ = 1 − 0.6017² = 0.6379
                                                  
You may provide a definition with
\DeclareUnicodeCharacter 


c:/Users/pablo/OneDrive/Github/cfa-power/docs/_tex/index.tex:508: LaTeX Error: Unicode character − (U+2212)
               not set up for use with LaTeX.

See the LaTeX manual or LaTeX Companion for explanation.
Type  H <return>  for immediate help.
 ...                                              
                                                  
l.508 ...   # Social: θ = 1 − 0.6017² = 0.6379
                                                  
You may provide a definition with
\DeclareUnicodeCharacter 


c:/Users/pablo/OneDrive/Github/cfa-power/docs/_tex/index.tex:511: LaTeX Error: Unicode character θ (U+03B8)
               not set up for use with LaTeX.

See the LaTeX manual or LaTeX Companion for explanation.
Type  H <return>  for immediate help.
 ...                                              
                                                  
l.511 ...vironmental: θ = 1 − 0.4832² = 0.7665
                                                  
You may provide a definition with
\DeclareUnicodeCharacter 


c:/Users/pablo/OneDrive/Github/cfa-power/docs/_tex/index.tex:511: LaTeX Error: Unicode character − (U+2212)
               not set up for use with LaTeX.

See the LaTeX manual or LaTeX Companion for explanation.
Type  H <return>  for immediate help.
 ...                                              
                                                  
l.511 ...vironmental: θ = 1 − 0.4832² = 0.7665
                                                  
You may provide a definition with
\DeclareUnicodeCharacter 

<index_files/figure-latex/Scripts-AnalysisScripts-01_population_models-fig-diagram-naivemodel-output-1.png, id=63, 578.16pt x 505.89pt>
File: index_files/figure-latex/Scripts-AnalysisScripts-01_population_models-fig-diagram-naivemodel-output-1.png Graphic file (type png)
<use index_files/figure-latex/Scripts-AnalysisScripts-01_population_models-fig-diagram-naivemodel-output-1.png>
Package pdftex.def Info: index_files/figure-latex/Scripts-AnalysisScripts-01_population_models-fig-diagram-naivemodel-output-1.png  used on input line 529.
(pdftex.def)             Requested size: 578.15858pt x 505.88875pt.
[7] [8 <./index_files/figure-latex/Scripts-AnalysisScripts-01_population_models-fig-diagram-naivemodel-output-1.png (PNG copy)>]

c:/Users/pablo/OneDrive/Github/cfa-power/docs/_tex/index.tex:577: LaTeX Error: Unicode character ─ (U+2500)
               not set up for use with LaTeX.

See the LaTeX manual or LaTeX Companion for explanation.
Type  H <return>  for immediate help.
 ...                                              
                                                  
l.577 ...��─────────────
                                                  
You may provide a definition with
\DeclareUnicodeCharacter 


c:/Users/pablo/OneDrive/Github/cfa-power/docs/_tex/index.tex:577: LaTeX Error: Unicode character ─ (U+2500)
               not set up for use with LaTeX.

See the LaTeX manual or LaTeX Companion for explanation.
Type  H <return>  for immediate help.
 ...                                              
                                                  
l.577 ...��─────────────
                                                  
You may provide a definition with
\DeclareUnicodeCharacter 


c:/Users/pablo/OneDrive/Github/cfa-power/docs/_tex/index.tex:577: LaTeX Error: Unicode character λ (U+03BB)
               not set up for use with LaTeX.

See the LaTeX manual or LaTeX Companion for explanation.
Type  H <return>  for immediate help.
 ...                                              
                                                  
l.577 ...��─────────────
                                                  
You may provide a definition with
\DeclareUnicodeCharacter 


c:/Users/pablo/OneDrive/Github/cfa-power/docs/_tex/index.tex:577: LaTeX Error: Unicode character ─ (U+2500)
               not set up for use with LaTeX.

See the LaTeX manual or LaTeX Companion for explanation.
Type  H <return>  for immediate help.
 ...                                              
                                                  
l.577 ...��─────────────
                                                  
You may provide a definition with
\DeclareUnicodeCharacter 


c:/Users/pablo/OneDrive/Github/cfa-power/docs/_tex/index.tex:577: LaTeX Error: Unicode character ─ (U+2500)
               not set up for use with LaTeX.

See the LaTeX manual or LaTeX Companion for explanation.
Type  H <return>  for immediate help.
 ...                                              
                                                  
l.577 ...��─────────────
                                                  
You may provide a definition with
\DeclareUnicodeCharacter 


c:/Users/pablo/OneDrive/Github/cfa-power/docs/_tex/index.tex:577: LaTeX Error: Unicode character ─ (U+2500)
               not set up for use with LaTeX.

See the LaTeX manual or LaTeX Companion for explanation.
Type  H <return>  for immediate help.
 ...                                              
                                                  
l.577 ...��─────────────
                                                  
You may provide a definition with
\DeclareUnicodeCharacter 


c:/Users/pablo/OneDrive/Github/cfa-power/docs/_tex/index.tex:577: LaTeX Error: Unicode character ─ (U+2500)
               not set up for use with LaTeX.

See the LaTeX manual or LaTeX Companion for explanation.
Type  H <return>  for immediate help.
 ...                                              
                                                  
l.577 ...��─────────────
                                                  
You may provide a definition with
\DeclareUnicodeCharacter 


c:/Users/pablo/OneDrive/Github/cfa-power/docs/_tex/index.tex:577: LaTeX Error: Unicode character ─ (U+2500)
               not set up for use with LaTeX.

See the LaTeX manual or LaTeX Companion for explanation.
Type  H <return>  for immediate help.
 ...                                              
                                                  
l.577 ...��─────────────
                                                  
You may provide a definition with
\DeclareUnicodeCharacter 


c:/Users/pablo/OneDrive/Github/cfa-power/docs/_tex/index.tex:577: LaTeX Error: Unicode character ─ (U+2500)
               not set up for use with LaTeX.

See the LaTeX manual or LaTeX Companion for explanation.
Type  H <return>  for immediate help.
 ...                                              
                                                  
l.577 ...��─────────────
                                                  
You may provide a definition with
\DeclareUnicodeCharacter 


c:/Users/pablo/OneDrive/Github/cfa-power/docs/_tex/index.tex:577: LaTeX Error: Unicode character ─ (U+2500)
               not set up for use with LaTeX.

See the LaTeX manual or LaTeX Companion for explanation.
Type  H <return>  for immediate help.
 ...                                              
                                                  
l.577 ...��─────────────
                                                  
You may provide a definition with
\DeclareUnicodeCharacter 


c:/Users/pablo/OneDrive/Github/cfa-power/docs/_tex/index.tex:577: LaTeX Error: Unicode character ─ (U+2500)
               not set up for use with LaTeX.

See the LaTeX manual or LaTeX Companion for explanation.
Type  H <return>  for immediate help.
 ...                                              
                                                  
l.577 ...��─────────────
                                                  
You may provide a definition with
\DeclareUnicodeCharacter 


c:/Users/pablo/OneDrive/Github/cfa-power/docs/_tex/index.tex:577: LaTeX Error: Unicode character ─ (U+2500)
               not set up for use with LaTeX.

See the LaTeX manual or LaTeX Companion for explanation.
Type  H <return>  for immediate help.
 ...                                              
                                                  
l.577 ...��─────────────
                                                  
You may provide a definition with
\DeclareUnicodeCharacter 


c:/Users/pablo/OneDrive/Github/cfa-power/docs/_tex/index.tex:577: LaTeX Error: Unicode character ─ (U+2500)
               not set up for use with LaTeX.

See the LaTeX manual or LaTeX Companion for explanation.
Type  H <return>  for immediate help.
 ...                                              
                                                  
l.577 ...��─────────────
                                                  
You may provide a definition with
\DeclareUnicodeCharacter 


c:/Users/pablo/OneDrive/Github/cfa-power/docs/_tex/index.tex:577: LaTeX Error: Unicode character ─ (U+2500)
               not set up for use with LaTeX.

See the LaTeX manual or LaTeX Companion for explanation.
Type  H <return>  for immediate help.
 ...                                              
                                                  
l.577 ...��─────────────
                                                  
You may provide a definition with
\DeclareUnicodeCharacter 


c:/Users/pablo/OneDrive/Github/cfa-power/docs/_tex/index.tex:577: LaTeX Error: Unicode character ─ (U+2500)
               not set up for use with LaTeX.

See the LaTeX manual or LaTeX Companion for explanation.
Type  H <return>  for immediate help.
 ...                                              
                                                  
l.577 ...��─────────────
                                                  
You may provide a definition with
\DeclareUnicodeCharacter 


c:/Users/pablo/OneDrive/Github/cfa-power/docs/_tex/index.tex:577: LaTeX Error: Unicode character ─ (U+2500)
               not set up for use with LaTeX.

See the LaTeX manual or LaTeX Companion for explanation.
Type  H <return>  for immediate help.
 ...                                              
                                                  
l.577 ...��─────────────
                                                  
You may provide a definition with
\DeclareUnicodeCharacter 


c:/Users/pablo/OneDrive/Github/cfa-power/docs/_tex/index.tex:577: LaTeX Error: Unicode character ─ (U+2500)
               not set up for use with LaTeX.

See the LaTeX manual or LaTeX Companion for explanation.
Type  H <return>  for immediate help.
 ...                                              
                                                  
l.577 ...��─────────────
                                                  
You may provide a definition with
\DeclareUnicodeCharacter 


c:/Users/pablo/OneDrive/Github/cfa-power/docs/_tex/index.tex:577: LaTeX Error: Unicode character ─ (U+2500)
               not set up for use with LaTeX.

See the LaTeX manual or LaTeX Companion for explanation.
Type  H <return>  for immediate help.
 ...                                              
                                                  
l.577 ...��─────────────
                                                  
You may provide a definition with
\DeclareUnicodeCharacter 


c:/Users/pablo/OneDrive/Github/cfa-power/docs/_tex/index.tex:589: LaTeX Error: Unicode character ─ (U+2500)
               not set up for use with LaTeX.

See the LaTeX manual or LaTeX Companion for explanation.
Type  H <return>  for immediate help.
 ...                                              
                                                  
l.589 ...��─────────────
                                                  
You may provide a definition with
\DeclareUnicodeCharacter 


c:/Users/pablo/OneDrive/Github/cfa-power/docs/_tex/index.tex:589: LaTeX Error: Unicode character ─ (U+2500)
               not set up for use with LaTeX.

See the LaTeX manual or LaTeX Companion for explanation.
Type  H <return>  for immediate help.
 ...                                              
                                                  
l.589 ...��─────────────
                                                  
You may provide a definition with
\DeclareUnicodeCharacter 


c:/Users/pablo/OneDrive/Github/cfa-power/docs/_tex/index.tex:589: LaTeX Error: Unicode character ─ (U+2500)
               not set up for use with LaTeX.

See the LaTeX manual or LaTeX Companion for explanation.
Type  H <return>  for immediate help.
 ...                                              
                                                  
l.589 ...��─────────────
                                                  
You may provide a definition with
\DeclareUnicodeCharacter 


c:/Users/pablo/OneDrive/Github/cfa-power/docs/_tex/index.tex:589: LaTeX Error: Unicode character ─ (U+2500)
               not set up for use with LaTeX.

See the LaTeX manual or LaTeX Companion for explanation.
Type  H <return>  for immediate help.
 ...                                              
                                                  
l.589 ...��─────────────
                                                  
You may provide a definition with
\DeclareUnicodeCharacter 


c:/Users/pablo/OneDrive/Github/cfa-power/docs/_tex/index.tex:589: LaTeX Error: Unicode character ─ (U+2500)
               not set up for use with LaTeX.

See the LaTeX manual or LaTeX Companion for explanation.
Type  H <return>  for immediate help.
 ...                                              
                                                  
l.589 ...��─────────────
                                                  
You may provide a definition with
\DeclareUnicodeCharacter 


c:/Users/pablo/OneDrive/Github/cfa-power/docs/_tex/index.tex:589: LaTeX Error: Unicode character ─ (U+2500)
               not set up for use with LaTeX.

See the LaTeX manual or LaTeX Companion for explanation.
Type  H <return>  for immediate help.
 ...                                              
                                                  
l.589 ...��─────────────
                                                  
You may provide a definition with
\DeclareUnicodeCharacter 


c:/Users/pablo/OneDrive/Github/cfa-power/docs/_tex/index.tex:589: LaTeX Error: Unicode character ─ (U+2500)
               not set up for use with LaTeX.

See the LaTeX manual or LaTeX Companion for explanation.
Type  H <return>  for immediate help.
 ...                                              
                                                  
l.589 ...��─────────────
                                                  
You may provide a definition with
\DeclareUnicodeCharacter 


c:/Users/pablo/OneDrive/Github/cfa-power/docs/_tex/index.tex:589: LaTeX Error: Unicode character ─ (U+2500)
               not set up for use with LaTeX.

See the LaTeX manual or LaTeX Companion for explanation.
Type  H <return>  for immediate help.
 ...                                              
                                                  
l.589 ...��─────────────
                                                  
You may provide a definition with
\DeclareUnicodeCharacter 


c:/Users/pablo/OneDrive/Github/cfa-power/docs/_tex/index.tex:589: LaTeX Error: Unicode character ─ (U+2500)
               not set up for use with LaTeX.

See the LaTeX manual or LaTeX Companion for explanation.
Type  H <return>  for immediate help.
 ...                                              
                                                  
l.589 ...��─────────────
                                                  
You may provide a definition with
\DeclareUnicodeCharacter 


c:/Users/pablo/OneDrive/Github/cfa-power/docs/_tex/index.tex:589: LaTeX Error: Unicode character ─ (U+2500)
               not set up for use with LaTeX.

See the LaTeX manual or LaTeX Companion for explanation.
Type  H <return>  for immediate help.
 ...                                              
                                                  
l.589 ...��─────────────
                                                  
You may provide a definition with
\DeclareUnicodeCharacter 


c:/Users/pablo/OneDrive/Github/cfa-power/docs/_tex/index.tex:589: LaTeX Error: Unicode character ─ (U+2500)
               not set up for use with LaTeX.

See the LaTeX manual or LaTeX Companion for explanation.
Type  H <return>  for immediate help.
 ...                                              
                                                  
l.589 ...��─────────────
                                                  
You may provide a definition with
\DeclareUnicodeCharacter 


c:/Users/pablo/OneDrive/Github/cfa-power/docs/_tex/index.tex:589: LaTeX Error: Unicode character ─ (U+2500)
               not set up for use with LaTeX.

See the LaTeX manual or LaTeX Companion for explanation.
Type  H <return>  for immediate help.
 ...                                              
                                                  
l.589 ...��─────────────
                                                  
You may provide a definition with
\DeclareUnicodeCharacter 


c:/Users/pablo/OneDrive/Github/cfa-power/docs/_tex/index.tex:589: LaTeX Error: Unicode character ─ (U+2500)
               not set up for use with LaTeX.

See the LaTeX manual or LaTeX Companion for explanation.
Type  H <return>  for immediate help.
 ...                                              
                                                  
l.589 ...��─────────────
                                                  
You may provide a definition with
\DeclareUnicodeCharacter 


c:/Users/pablo/OneDrive/Github/cfa-power/docs/_tex/index.tex:589: LaTeX Error: Unicode character ─ (U+2500)
               not set up for use with LaTeX.

See the LaTeX manual or LaTeX Companion for explanation.
Type  H <return>  for immediate help.
 ...                                              
                                                  
l.589 ...��─────────────
                                                  
You may provide a definition with
\DeclareUnicodeCharacter 


c:/Users/pablo/OneDrive/Github/cfa-power/docs/_tex/index.tex:589: LaTeX Error: Unicode character ─ (U+2500)
               not set up for use with LaTeX.

See the LaTeX manual or LaTeX Companion for explanation.
Type  H <return>  for immediate help.
 ...                                              
                                                  
l.589 ...��─────────────
                                                  
You may provide a definition with
\DeclareUnicodeCharacter 


c:/Users/pablo/OneDrive/Github/cfa-power/docs/_tex/index.tex:589: LaTeX Error: Unicode character ─ (U+2500)
               not set up for use with LaTeX.

See the LaTeX manual or LaTeX Companion for explanation.
Type  H <return>  for immediate help.
 ...                                              
                                                  
l.589 ...��─────────────
                                                  
You may provide a definition with
\DeclareUnicodeCharacter 


c:/Users/pablo/OneDrive/Github/cfa-power/docs/_tex/index.tex:589: LaTeX Error: Unicode character ─ (U+2500)
               not set up for use with LaTeX.

See the LaTeX manual or LaTeX Companion for explanation.
Type  H <return>  for immediate help.
 ...                                              
                                                  
l.589 ...��─────────────
                                                  
You may provide a definition with
\DeclareUnicodeCharacter 


c:/Users/pablo/OneDrive/Github/cfa-power/docs/_tex/index.tex:589: LaTeX Error: Unicode character ─ (U+2500)
               not set up for use with LaTeX.

See the LaTeX manual or LaTeX Companion for explanation.
Type  H <return>  for immediate help.
 ...                                              
                                                  
l.589 ...��─────────────
                                                  
You may provide a definition with
\DeclareUnicodeCharacter 


c:/Users/pablo/OneDrive/Github/cfa-power/docs/_tex/index.tex:589: LaTeX Error: Unicode character ─ (U+2500)
               not set up for use with LaTeX.

See the LaTeX manual or LaTeX Companion for explanation.
Type  H <return>  for immediate help.
 ...                                              
                                                  
l.589 ...��─────────────
                                                  
You may provide a definition with
\DeclareUnicodeCharacter 


c:/Users/pablo/OneDrive/Github/cfa-power/docs/_tex/index.tex:589: LaTeX Error: Unicode character ─ (U+2500)
               not set up for use with LaTeX.

See the LaTeX manual or LaTeX Companion for explanation.
Type  H <return>  for immediate help.
 ...                                              
                                                  
l.589 ...��─────────────
                                                  
You may provide a definition with
\DeclareUnicodeCharacter 


c:/Users/pablo/OneDrive/Github/cfa-power/docs/_tex/index.tex:589: LaTeX Error: Unicode character ─ (U+2500)
               not set up for use with LaTeX.

See the LaTeX manual or LaTeX Companion for explanation.
Type  H <return>  for immediate help.
 ...                                              
                                                  
l.589 ...��─────────────
                                                  
You may provide a definition with
\DeclareUnicodeCharacter 


c:/Users/pablo/OneDrive/Github/cfa-power/docs/_tex/index.tex:589: LaTeX Error: Unicode character ─ (U+2500)
               not set up for use with LaTeX.

See the LaTeX manual or LaTeX Companion for explanation.
Type  H <return>  for immediate help.
 ...                                              
                                                  
l.589 ...��─────────────
                                                  
You may provide a definition with
\DeclareUnicodeCharacter 


c:/Users/pablo/OneDrive/Github/cfa-power/docs/_tex/index.tex:589: LaTeX Error: Unicode character ─ (U+2500)
               not set up for use with LaTeX.

See the LaTeX manual or LaTeX Companion for explanation.
Type  H <return>  for immediate help.
 ...                                              
                                                  
l.589 ...��─────────────
                                                  
You may provide a definition with
\DeclareUnicodeCharacter 


c:/Users/pablo/OneDrive/Github/cfa-power/docs/_tex/index.tex:589: LaTeX Error: Unicode character ─ (U+2500)
               not set up for use with LaTeX.

See the LaTeX manual or LaTeX Companion for explanation.
Type  H <return>  for immediate help.
 ...                                              
                                                  
l.589 ...��─────────────
                                                  
You may provide a definition with
\DeclareUnicodeCharacter 


c:/Users/pablo/OneDrive/Github/cfa-power/docs/_tex/index.tex:589: LaTeX Error: Unicode character ─ (U+2500)
               not set up for use with LaTeX.

See the LaTeX manual or LaTeX Companion for explanation.
Type  H <return>  for immediate help.
 ...                                              
                                                  
l.589 ...��─────────────
                                                  
You may provide a definition with
\DeclareUnicodeCharacter 


c:/Users/pablo/OneDrive/Github/cfa-power/docs/_tex/index.tex:589: LaTeX Error: Unicode character ─ (U+2500)
               not set up for use with LaTeX.

See the LaTeX manual or LaTeX Companion for explanation.
Type  H <return>  for immediate help.
 ...                                              
                                                  
l.589 ...��─────────────
                                                  
You may provide a definition with
\DeclareUnicodeCharacter 


c:/Users/pablo/OneDrive/Github/cfa-power/docs/_tex/index.tex:589: LaTeX Error: Unicode character ─ (U+2500)
               not set up for use with LaTeX.

See the LaTeX manual or LaTeX Companion for explanation.
Type  H <return>  for immediate help.
 ...                                              
                                                  
l.589 ...��─────────────
                                                  
You may provide a definition with
\DeclareUnicodeCharacter 


c:/Users/pablo/OneDrive/Github/cfa-power/docs/_tex/index.tex:589: LaTeX Error: Unicode character ─ (U+2500)
               not set up for use with LaTeX.

See the LaTeX manual or LaTeX Companion for explanation.
Type  H <return>  for immediate help.
 ...                                              
                                                  
l.589 ...��─────────────
                                                  
You may provide a definition with
\DeclareUnicodeCharacter 


c:/Users/pablo/OneDrive/Github/cfa-power/docs/_tex/index.tex:589: LaTeX Error: Unicode character ─ (U+2500)
               not set up for use with LaTeX.

See the LaTeX manual or LaTeX Companion for explanation.
Type  H <return>  for immediate help.
 ...                                              
                                                  
l.589 ...��─────────────
                                                  
You may provide a definition with
\DeclareUnicodeCharacter 


c:/Users/pablo/OneDrive/Github/cfa-power/docs/_tex/index.tex:589: LaTeX Error: Unicode character ─ (U+2500)
               not set up for use with LaTeX.

See the LaTeX manual or LaTeX Companion for explanation.
Type  H <return>  for immediate help.
 ...                                              
                                                  
l.589 ...��─────────────
                                                  
You may provide a definition with
\DeclareUnicodeCharacter 


c:/Users/pablo/OneDrive/Github/cfa-power/docs/_tex/index.tex:589: LaTeX Error: Unicode character ─ (U+2500)
               not set up for use with LaTeX.

See the LaTeX manual or LaTeX Companion for explanation.
Type  H <return>  for immediate help.
 ...                                              
                                                  
l.589 ...��─────────────
                                                  
You may provide a definition with
\DeclareUnicodeCharacter 


c:/Users/pablo/OneDrive/Github/cfa-power/docs/_tex/index.tex:589: LaTeX Error: Unicode character ─ (U+2500)
               not set up for use with LaTeX.

See the LaTeX manual or LaTeX Companion for explanation.
Type  H <return>  for immediate help.
 ...                                              
                                                  
l.589 ...��─────────────
                                                  
You may provide a definition with
\DeclareUnicodeCharacter 


c:/Users/pablo/OneDrive/Github/cfa-power/docs/_tex/index.tex:589: LaTeX Error: Unicode character ─ (U+2500)
               not set up for use with LaTeX.

See the LaTeX manual or LaTeX Companion for explanation.
Type  H <return>  for immediate help.
 ...                                              
                                                  
l.589 ...��─────────────
                                                  
You may provide a definition with
\DeclareUnicodeCharacter 


c:/Users/pablo/OneDrive/Github/cfa-power/docs/_tex/index.tex:589: LaTeX Error: Unicode character ─ (U+2500)
               not set up for use with LaTeX.

See the LaTeX manual or LaTeX Companion for explanation.
Type  H <return>  for immediate help.
 ...                                              
                                                  
l.589 ...��─────────────
                                                  
You may provide a definition with
\DeclareUnicodeCharacter 


c:/Users/pablo/OneDrive/Github/cfa-power/docs/_tex/index.tex:589: LaTeX Error: Unicode character ─ (U+2500)
               not set up for use with LaTeX.

See the LaTeX manual or LaTeX Companion for explanation.
Type  H <return>  for immediate help.
 ...                                              
                                                  
l.589 ...��─────────────
                                                  
You may provide a definition with
\DeclareUnicodeCharacter 


c:/Users/pablo/OneDrive/Github/cfa-power/docs/_tex/index.tex:589: LaTeX Error: Unicode character ─ (U+2500)
               not set up for use with LaTeX.

See the LaTeX manual or LaTeX Companion for explanation.
Type  H <return>  for immediate help.
 ...                                              
                                                  
l.589 ...��─────────────
                                                  
You may provide a definition with
\DeclareUnicodeCharacter 


c:/Users/pablo/OneDrive/Github/cfa-power/docs/_tex/index.tex:589: LaTeX Error: Unicode character ─ (U+2500)
               not set up for use with LaTeX.

See the LaTeX manual or LaTeX Companion for explanation.
Type  H <return>  for immediate help.
 ...                                              
                                                  
l.589 ...��─────────────
                                                  
You may provide a definition with
\DeclareUnicodeCharacter 


c:/Users/pablo/OneDrive/Github/cfa-power/docs/_tex/index.tex:589: LaTeX Error: Unicode character ─ (U+2500)
               not set up for use with LaTeX.

See the LaTeX manual or LaTeX Companion for explanation.
Type  H <return>  for immediate help.
 ...                                              
                                                  
l.589 ...��─────────────
                                                  
You may provide a definition with
\DeclareUnicodeCharacter 


c:/Users/pablo/OneDrive/Github/cfa-power/docs/_tex/index.tex:589: LaTeX Error: Unicode character ─ (U+2500)
               not set up for use with LaTeX.

See the LaTeX manual or LaTeX Companion for explanation.
Type  H <return>  for immediate help.
 ...                                              
                                                  
l.589 ...��─────────────
                                                  
You may provide a definition with
\DeclareUnicodeCharacter 


c:/Users/pablo/OneDrive/Github/cfa-power/docs/_tex/index.tex:589: LaTeX Error: Unicode character ─ (U+2500)
               not set up for use with LaTeX.

See the LaTeX manual or LaTeX Companion for explanation.
Type  H <return>  for immediate help.
 ...                                              
                                                  
l.589 ...��─────────────
                                                  
You may provide a definition with
\DeclareUnicodeCharacter 


c:/Users/pablo/OneDrive/Github/cfa-power/docs/_tex/index.tex:589: LaTeX Error: Unicode character ─ (U+2500)
               not set up for use with LaTeX.

See the LaTeX manual or LaTeX Companion for explanation.
Type  H <return>  for immediate help.
 ...                                              
                                                  
l.589 ...��─────────────
                                                  
You may provide a definition with
\DeclareUnicodeCharacter 


c:/Users/pablo/OneDrive/Github/cfa-power/docs/_tex/index.tex:589: LaTeX Error: Unicode character ─ (U+2500)
               not set up for use with LaTeX.

See the LaTeX manual or LaTeX Companion for explanation.
Type  H <return>  for immediate help.
 ...                                              
                                                  
l.589 ...��─────────────
                                                  
You may provide a definition with
\DeclareUnicodeCharacter 


c:/Users/pablo/OneDrive/Github/cfa-power/docs/_tex/index.tex:589: LaTeX Error: Unicode character ─ (U+2500)
               not set up for use with LaTeX.

See the LaTeX manual or LaTeX Companion for explanation.
Type  H <return>  for immediate help.
 ...                                              
                                                  
l.589 ...��─────────────
                                                  
You may provide a definition with
\DeclareUnicodeCharacter 


c:/Users/pablo/OneDrive/Github/cfa-power/docs/_tex/index.tex:589: LaTeX Error: Unicode character ─ (U+2500)
               not set up for use with LaTeX.

See the LaTeX manual or LaTeX Companion for explanation.
Type  H <return>  for immediate help.
 ...                                              
                                                  
l.589 ...��─────────────
                                                  
You may provide a definition with
\DeclareUnicodeCharacter 


c:/Users/pablo/OneDrive/Github/cfa-power/docs/_tex/index.tex:589: LaTeX Error: Unicode character ─ (U+2500)
               not set up for use with LaTeX.

See the LaTeX manual or LaTeX Companion for explanation.
Type  H <return>  for immediate help.
 ...                                              
                                                  
l.589 ...��─────────────
                                                  
You may provide a definition with
\DeclareUnicodeCharacter 


c:/Users/pablo/OneDrive/Github/cfa-power/docs/_tex/index.tex:589: LaTeX Error: Unicode character ─ (U+2500)
               not set up for use with LaTeX.

See the LaTeX manual or LaTeX Companion for explanation.
Type  H <return>  for immediate help.
 ...                                              
                                                  
l.589 ...��─────────────
                                                  
You may provide a definition with
\DeclareUnicodeCharacter 


c:/Users/pablo/OneDrive/Github/cfa-power/docs/_tex/index.tex:590: LaTeX Error: Unicode character − (U+2212)
               not set up for use with LaTeX.

See the LaTeX manual or LaTeX Companion for explanation.
Type  H <return>  for immediate help.
 ...                                              
                                                  
l.590 ...; cov = 0.30 × (1 − 0.6837²) = 0.1598
                                                  
You may provide a definition with
\DeclareUnicodeCharacter 


c:/Users/pablo/OneDrive/Github/cfa-power/docs/_tex/index.tex:593: LaTeX Error: Unicode character ─ (U+2500)
               not set up for use with LaTeX.

See the LaTeX manual or LaTeX Companion for explanation.
Type  H <return>  for immediate help.
 ...                                              
                                                  
l.593 ...��─────────────
                                                  
You may provide a definition with
\DeclareUnicodeCharacter 


c:/Users/pablo/OneDrive/Github/cfa-power/docs/_tex/index.tex:593: LaTeX Error: Unicode character ─ (U+2500)
               not set up for use with LaTeX.

See the LaTeX manual or LaTeX Companion for explanation.
Type  H <return>  for immediate help.
 ...                                              
                                                  
l.593 ...��─────────────
                                                  
You may provide a definition with
\DeclareUnicodeCharacter 


c:/Users/pablo/OneDrive/Github/cfa-power/docs/_tex/index.tex:593: LaTeX Error: Unicode character ─ (U+2500)
               not set up for use with LaTeX.

See the LaTeX manual or LaTeX Companion for explanation.
Type  H <return>  for immediate help.
 ...                                              
                                                  
l.593 ...��─────────────
                                                  
You may provide a definition with
\DeclareUnicodeCharacter 


c:/Users/pablo/OneDrive/Github/cfa-power/docs/_tex/index.tex:593: LaTeX Error: Unicode character ─ (U+2500)
               not set up for use with LaTeX.

See the LaTeX manual or LaTeX Companion for explanation.
Type  H <return>  for immediate help.
 ...                                              
                                                  
l.593 ...��─────────────
                                                  
You may provide a definition with
\DeclareUnicodeCharacter 


c:/Users/pablo/OneDrive/Github/cfa-power/docs/_tex/index.tex:593: LaTeX Error: Unicode character ─ (U+2500)
               not set up for use with LaTeX.

See the LaTeX manual or LaTeX Companion for explanation.
Type  H <return>  for immediate help.
 ...                                              
                                                  
l.593 ...��─────────────
                                                  
You may provide a definition with
\DeclareUnicodeCharacter 


c:/Users/pablo/OneDrive/Github/cfa-power/docs/_tex/index.tex:593: LaTeX Error: Unicode character ─ (U+2500)
               not set up for use with LaTeX.

See the LaTeX manual or LaTeX Companion for explanation.
Type  H <return>  for immediate help.
 ...                                              
                                                  
l.593 ...��─────────────
                                                  
You may provide a definition with
\DeclareUnicodeCharacter 


c:/Users/pablo/OneDrive/Github/cfa-power/docs/_tex/index.tex:593: LaTeX Error: Unicode character ─ (U+2500)
               not set up for use with LaTeX.

See the LaTeX manual or LaTeX Companion for explanation.
Type  H <return>  for immediate help.
 ...                                              
                                                  
l.593 ...��─────────────
                                                  
You may provide a definition with
\DeclareUnicodeCharacter 


c:/Users/pablo/OneDrive/Github/cfa-power/docs/_tex/index.tex:593: LaTeX Error: Unicode character ─ (U+2500)
               not set up for use with LaTeX.

See the LaTeX manual or LaTeX Companion for explanation.
Type  H <return>  for immediate help.
 ...                                              
                                                  
l.593 ...��─────────────
                                                  
You may provide a definition with
\DeclareUnicodeCharacter 


c:/Users/pablo/OneDrive/Github/cfa-power/docs/_tex/index.tex:593: LaTeX Error: Unicode character ─ (U+2500)
               not set up for use with LaTeX.

See the LaTeX manual or LaTeX Companion for explanation.
Type  H <return>  for immediate help.
 ...                                              
                                                  
l.593 ...��─────────────
                                                  
You may provide a definition with
\DeclareUnicodeCharacter 


c:/Users/pablo/OneDrive/Github/cfa-power/docs/_tex/index.tex:593: LaTeX Error: Unicode character ─ (U+2500)
               not set up for use with LaTeX.

See the LaTeX manual or LaTeX Companion for explanation.
Type  H <return>  for immediate help.
 ...                                              
                                                  
l.593 ...��─────────────
                                                  
You may provide a definition with
\DeclareUnicodeCharacter 


c:/Users/pablo/OneDrive/Github/cfa-power/docs/_tex/index.tex:593: LaTeX Error: Unicode character ─ (U+2500)
               not set up for use with LaTeX.

See the LaTeX manual or LaTeX Companion for explanation.
Type  H <return>  for immediate help.
 ...                                              
                                                  
l.593 ...��─────────────
                                                  
You may provide a definition with
\DeclareUnicodeCharacter 


c:/Users/pablo/OneDrive/Github/cfa-power/docs/_tex/index.tex:593: LaTeX Error: Unicode character ─ (U+2500)
               not set up for use with LaTeX.

See the LaTeX manual or LaTeX Companion for explanation.
Type  H <return>  for immediate help.
 ...                                              
                                                  
l.593 ...��─────────────
                                                  
You may provide a definition with
\DeclareUnicodeCharacter 


c:/Users/pablo/OneDrive/Github/cfa-power/docs/_tex/index.tex:593: LaTeX Error: Unicode character ─ (U+2500)
               not set up for use with LaTeX.

See the LaTeX manual or LaTeX Companion for explanation.
Type  H <return>  for immediate help.
 ...                                              
                                                  
l.593 ...��─────────────
                                                  
You may provide a definition with
\DeclareUnicodeCharacter 


c:/Users/pablo/OneDrive/Github/cfa-power/docs/_tex/index.tex:593: LaTeX Error: Unicode character ─ (U+2500)
               not set up for use with LaTeX.

See the LaTeX manual or LaTeX Companion for explanation.
Type  H <return>  for immediate help.
 ...                                              
                                                  
l.593 ...��─────────────
                                                  
You may provide a definition with
\DeclareUnicodeCharacter 


c:/Users/pablo/OneDrive/Github/cfa-power/docs/_tex/index.tex:593: LaTeX Error: Unicode character ─ (U+2500)
               not set up for use with LaTeX.

See the LaTeX manual or LaTeX Companion for explanation.
Type  H <return>  for immediate help.
 ...                                              
                                                  
l.593 ...��─────────────
                                                  
You may provide a definition with
\DeclareUnicodeCharacter 


c:/Users/pablo/OneDrive/Github/cfa-power/docs/_tex/index.tex:593: LaTeX Error: Unicode character ─ (U+2500)
               not set up for use with LaTeX.

See the LaTeX manual or LaTeX Companion for explanation.
Type  H <return>  for immediate help.
 ...                                              
                                                  
l.593 ...��─────────────
                                                  
You may provide a definition with
\DeclareUnicodeCharacter 


c:/Users/pablo/OneDrive/Github/cfa-power/docs/_tex/index.tex:593: LaTeX Error: Unicode character ─ (U+2500)
               not set up for use with LaTeX.

See the LaTeX manual or LaTeX Companion for explanation.
Type  H <return>  for immediate help.
 ...                                              
                                                  
l.593 ...��─────────────
                                                  
You may provide a definition with
\DeclareUnicodeCharacter 


c:/Users/pablo/OneDrive/Github/cfa-power/docs/_tex/index.tex:593: LaTeX Error: Unicode character ─ (U+2500)
               not set up for use with LaTeX.

See the LaTeX manual or LaTeX Companion for explanation.
Type  H <return>  for immediate help.
 ...                                              
                                                  
l.593 ...��─────────────
                                                  
You may provide a definition with
\DeclareUnicodeCharacter 


c:/Users/pablo/OneDrive/Github/cfa-power/docs/_tex/index.tex:593: LaTeX Error: Unicode character ─ (U+2500)
               not set up for use with LaTeX.

See the LaTeX manual or LaTeX Companion for explanation.
Type  H <return>  for immediate help.
 ...                                              
                                                  
l.593 ...��─────────────
                                                  
You may provide a definition with
\DeclareUnicodeCharacter 


c:/Users/pablo/OneDrive/Github/cfa-power/docs/_tex/index.tex:593: LaTeX Error: Unicode character ─ (U+2500)
               not set up for use with LaTeX.

See the LaTeX manual or LaTeX Companion for explanation.
Type  H <return>  for immediate help.
 ...                                              
                                                  
l.593 ...��─────────────
                                                  
You may provide a definition with
\DeclareUnicodeCharacter 


c:/Users/pablo/OneDrive/Github/cfa-power/docs/_tex/index.tex:593: LaTeX Error: Unicode character ─ (U+2500)
               not set up for use with LaTeX.

See the LaTeX manual or LaTeX Companion for explanation.
Type  H <return>  for immediate help.
 ...                                              
                                                  
l.593 ...��─────────────
                                                  
You may provide a definition with
\DeclareUnicodeCharacter 


c:/Users/pablo/OneDrive/Github/cfa-power/docs/_tex/index.tex:593: LaTeX Error: Unicode character ─ (U+2500)
               not set up for use with LaTeX.

See the LaTeX manual or LaTeX Companion for explanation.
Type  H <return>  for immediate help.
 ...                                              
                                                  
l.593 ...��─────────────
                                                  
You may provide a definition with
\DeclareUnicodeCharacter 


c:/Users/pablo/OneDrive/Github/cfa-power/docs/_tex/index.tex:594: LaTeX Error: Unicode character φ (U+03C6)
               not set up for use with LaTeX.

See the LaTeX manual or LaTeX Companion for explanation.
Type  H <return>  for immediate help.
 ...                                              
                                                  
l.594 ... Yao (2022) range — optimistic scenario
                                                  
You may provide a definition with
\DeclareUnicodeCharacter 


Overfull \hbox (7.38991pt too wide) in paragraph at lines 595--595
[]  \T1/lmtt/m/n/10.95 psycho      ~~ 1*psycho      + 0.08*physical + 0.08*social + 0.08*environment[] 
 []


c:/Users/pablo/OneDrive/Github/cfa-power/docs/_tex/index.tex:600: LaTeX Error: Unicode character ─ (U+2500)
               not set up for use with LaTeX.

See the LaTeX manual or LaTeX Companion for explanation.
Type  H <return>  for immediate help.
 ...                                              
                                                  
l.600 ...��─────────────
                                                  
You may provide a definition with
\DeclareUnicodeCharacter 


c:/Users/pablo/OneDrive/Github/cfa-power/docs/_tex/index.tex:600: LaTeX Error: Unicode character ─ (U+2500)
               not set up for use with LaTeX.

See the LaTeX manual or LaTeX Companion for explanation.
Type  H <return>  for immediate help.
 ...                                              
                                                  
l.600 ...��─────────────
                                                  
You may provide a definition with
\DeclareUnicodeCharacter 


c:/Users/pablo/OneDrive/Github/cfa-power/docs/_tex/index.tex:600: LaTeX Error: Unicode character θ (U+03B8)
               not set up for use with LaTeX.

See the LaTeX manual or LaTeX Companion for explanation.
Type  H <return>  for immediate help.
 ...                                              
                                                  
l.600 ...��─────────────
                                                  
You may provide a definition with
\DeclareUnicodeCharacter 


c:/Users/pablo/OneDrive/Github/cfa-power/docs/_tex/index.tex:600: LaTeX Error: Unicode character − (U+2212)
               not set up for use with LaTeX.

See the LaTeX manual or LaTeX Companion for explanation.
Type  H <return>  for immediate help.
 ...                                              
                                                  
l.600 ...��─────────────
                                                  
You may provide a definition with
\DeclareUnicodeCharacter 


c:/Users/pablo/OneDrive/Github/cfa-power/docs/_tex/index.tex:600: LaTeX Error: Unicode character λ (U+03BB)
               not set up for use with LaTeX.

See the LaTeX manual or LaTeX Companion for explanation.
Type  H <return>  for immediate help.
 ...                                              
                                                  
l.600 ...��─────────────
                                                  
You may provide a definition with
\DeclareUnicodeCharacter 


c:/Users/pablo/OneDrive/Github/cfa-power/docs/_tex/index.tex:600: LaTeX Error: Unicode character ─ (U+2500)
               not set up for use with LaTeX.

See the LaTeX manual or LaTeX Companion for explanation.
Type  H <return>  for immediate help.
 ...                                              
                                                  
l.600 ...��─────────────
                                                  
You may provide a definition with
\DeclareUnicodeCharacter 


c:/Users/pablo/OneDrive/Github/cfa-power/docs/_tex/index.tex:600: LaTeX Error: Unicode character ─ (U+2500)
               not set up for use with LaTeX.

See the LaTeX manual or LaTeX Companion for explanation.
Type  H <return>  for immediate help.
 ...                                              
                                                  
l.600 ...��─────────────
                                                  
You may provide a definition with
\DeclareUnicodeCharacter 


c:/Users/pablo/OneDrive/Github/cfa-power/docs/_tex/index.tex:600: LaTeX Error: Unicode character ─ (U+2500)
               not set up for use with LaTeX.

See the LaTeX manual or LaTeX Companion for explanation.
Type  H <return>  for immediate help.
 ...                                              
                                                  
l.600 ...��─────────────
                                                  
You may provide a definition with
\DeclareUnicodeCharacter 


c:/Users/pablo/OneDrive/Github/cfa-power/docs/_tex/index.tex:600: LaTeX Error: Unicode character ─ (U+2500)
               not set up for use with LaTeX.

See the LaTeX manual or LaTeX Companion for explanation.
Type  H <return>  for immediate help.
 ...                                              
                                                  
l.600 ...��─────────────
                                                  
You may provide a definition with
\DeclareUnicodeCharacter 


c:/Users/pablo/OneDrive/Github/cfa-power/docs/_tex/index.tex:600: LaTeX Error: Unicode character ─ (U+2500)
               not set up for use with LaTeX.

See the LaTeX manual or LaTeX Companion for explanation.
Type  H <return>  for immediate help.
 ...                                              
                                                  
l.600 ...��─────────────
                                                  
You may provide a definition with
\DeclareUnicodeCharacter 


c:/Users/pablo/OneDrive/Github/cfa-power/docs/_tex/index.tex:600: LaTeX Error: Unicode character ─ (U+2500)
               not set up for use with LaTeX.

See the LaTeX manual or LaTeX Companion for explanation.
Type  H <return>  for immediate help.
 ...                                              
                                                  
l.600 ...��─────────────
                                                  
You may provide a definition with
\DeclareUnicodeCharacter 


c:/Users/pablo/OneDrive/Github/cfa-power/docs/_tex/index.tex:600: LaTeX Error: Unicode character ─ (U+2500)
               not set up for use with LaTeX.

See the LaTeX manual or LaTeX Companion for explanation.
Type  H <return>  for immediate help.
 ...                                              
                                                  
l.600 ...��─────────────
                                                  
You may provide a definition with
\DeclareUnicodeCharacter 


c:/Users/pablo/OneDrive/Github/cfa-power/docs/_tex/index.tex:600: LaTeX Error: Unicode character ─ (U+2500)
               not set up for use with LaTeX.

See the LaTeX manual or LaTeX Companion for explanation.
Type  H <return>  for immediate help.
 ...                                              
                                                  
l.600 ...��─────────────
                                                  
You may provide a definition with
\DeclareUnicodeCharacter 


c:/Users/pablo/OneDrive/Github/cfa-power/docs/_tex/index.tex:600: LaTeX Error: Unicode character ─ (U+2500)
               not set up for use with LaTeX.

See the LaTeX manual or LaTeX Companion for explanation.
Type  H <return>  for immediate help.
 ...                                              
                                                  
l.600 ...��─────────────
                                                  
You may provide a definition with
\DeclareUnicodeCharacter 


c:/Users/pablo/OneDrive/Github/cfa-power/docs/_tex/index.tex:600: LaTeX Error: Unicode character ─ (U+2500)
               not set up for use with LaTeX.

See the LaTeX manual or LaTeX Companion for explanation.
Type  H <return>  for immediate help.
 ...                                              
                                                  
l.600 ...��─────────────
                                                  
You may provide a definition with
\DeclareUnicodeCharacter 


c:/Users/pablo/OneDrive/Github/cfa-power/docs/_tex/index.tex:600: LaTeX Error: Unicode character ─ (U+2500)
               not set up for use with LaTeX.

See the LaTeX manual or LaTeX Companion for explanation.
Type  H <return>  for immediate help.
 ...                                              
                                                  
l.600 ...��─────────────
                                                  
You may provide a definition with
\DeclareUnicodeCharacter 


c:/Users/pablo/OneDrive/Github/cfa-power/docs/_tex/index.tex:600: LaTeX Error: Unicode character ─ (U+2500)
               not set up for use with LaTeX.

See the LaTeX manual or LaTeX Companion for explanation.
Type  H <return>  for immediate help.
 ...                                              
                                                  
l.600 ...��─────────────
                                                  
You may provide a definition with
\DeclareUnicodeCharacter 


c:/Users/pablo/OneDrive/Github/cfa-power/docs/_tex/index.tex:600: LaTeX Error: Unicode character ─ (U+2500)
               not set up for use with LaTeX.

See the LaTeX manual or LaTeX Companion for explanation.
Type  H <return>  for immediate help.
 ...                                              
                                                  
l.600 ...��─────────────
                                                  
You may provide a definition with
\DeclareUnicodeCharacter 


c:/Users/pablo/OneDrive/Github/cfa-power/docs/_tex/index.tex:600: LaTeX Error: Unicode character ─ (U+2500)
               not set up for use with LaTeX.

See the LaTeX manual or LaTeX Companion for explanation.
Type  H <return>  for immediate help.
 ...                                              
                                                  
l.600 ...��─────────────
                                                  
You may provide a definition with
\DeclareUnicodeCharacter 


c:/Users/pablo/OneDrive/Github/cfa-power/docs/_tex/index.tex:600: LaTeX Error: Unicode character ─ (U+2500)
               not set up for use with LaTeX.

See the LaTeX manual or LaTeX Companion for explanation.
Type  H <return>  for immediate help.
 ...                                              
                                                  
l.600 ...��─────────────
                                                  
You may provide a definition with
\DeclareUnicodeCharacter 


c:/Users/pablo/OneDrive/Github/cfa-power/docs/_tex/index.tex:600: LaTeX Error: Unicode character ─ (U+2500)
               not set up for use with LaTeX.

See the LaTeX manual or LaTeX Companion for explanation.
Type  H <return>  for immediate help.
 ...                                              
                                                  
l.600 ...��─────────────
                                                  
You may provide a definition with
\DeclareUnicodeCharacter 


c:/Users/pablo/OneDrive/Github/cfa-power/docs/_tex/index.tex:600: LaTeX Error: Unicode character ─ (U+2500)
               not set up for use with LaTeX.

See the LaTeX manual or LaTeX Companion for explanation.
Type  H <return>  for immediate help.
 ...                                              
                                                  
l.600 ...��─────────────
                                                  
You may provide a definition with
\DeclareUnicodeCharacter 


c:/Users/pablo/OneDrive/Github/cfa-power/docs/_tex/index.tex:600: LaTeX Error: Unicode character ─ (U+2500)
               not set up for use with LaTeX.

See the LaTeX manual or LaTeX Companion for explanation.
Type  H <return>  for immediate help.
 ...                                              
                                                  
l.600 ...��─────────────
                                                  
You may provide a definition with
\DeclareUnicodeCharacter 


c:/Users/pablo/OneDrive/Github/cfa-power/docs/_tex/index.tex:600: LaTeX Error: Unicode character ─ (U+2500)
               not set up for use with LaTeX.

See the LaTeX manual or LaTeX Companion for explanation.
Type  H <return>  for immediate help.
 ...                                              
                                                  
l.600 ...��─────────────
                                                  
You may provide a definition with
\DeclareUnicodeCharacter 


c:/Users/pablo/OneDrive/Github/cfa-power/docs/_tex/index.tex:600: LaTeX Error: Unicode character ─ (U+2500)
               not set up for use with LaTeX.

See the LaTeX manual or LaTeX Companion for explanation.
Type  H <return>  for immediate help.
 ...                                              
                                                  
l.600 ...��─────────────
                                                  
You may provide a definition with
\DeclareUnicodeCharacter 


c:/Users/pablo/OneDrive/Github/cfa-power/docs/_tex/index.tex:600: LaTeX Error: Unicode character ─ (U+2500)
               not set up for use with LaTeX.

See the LaTeX manual or LaTeX Companion for explanation.
Type  H <return>  for immediate help.
 ...                                              
                                                  
l.600 ...��─────────────
                                                  
You may provide a definition with
\DeclareUnicodeCharacter 


c:/Users/pablo/OneDrive/Github/cfa-power/docs/_tex/index.tex:600: LaTeX Error: Unicode character ─ (U+2500)
               not set up for use with LaTeX.

See the LaTeX manual or LaTeX Companion for explanation.
Type  H <return>  for immediate help.
 ...                                              
                                                  
l.600 ...��─────────────
                                                  
You may provide a definition with
\DeclareUnicodeCharacter 


c:/Users/pablo/OneDrive/Github/cfa-power/docs/_tex/index.tex:600: LaTeX Error: Unicode character ─ (U+2500)
               not set up for use with LaTeX.

See the LaTeX manual or LaTeX Companion for explanation.
Type  H <return>  for immediate help.
 ...                                              
                                                  
l.600 ...��─────────────
                                                  
You may provide a definition with
\DeclareUnicodeCharacter 


c:/Users/pablo/OneDrive/Github/cfa-power/docs/_tex/index.tex:600: LaTeX Error: Unicode character ─ (U+2500)
               not set up for use with LaTeX.

See the LaTeX manual or LaTeX Companion for explanation.
Type  H <return>  for immediate help.
 ...                                              
                                                  
l.600 ...��─────────────
                                                  
You may provide a definition with
\DeclareUnicodeCharacter 


c:/Users/pablo/OneDrive/Github/cfa-power/docs/_tex/index.tex:600: LaTeX Error: Unicode character ─ (U+2500)
               not set up for use with LaTeX.

See the LaTeX manual or LaTeX Companion for explanation.
Type  H <return>  for immediate help.
 ...                                              
                                                  
l.600 ...��─────────────
                                                  
You may provide a definition with
\DeclareUnicodeCharacter 


c:/Users/pablo/OneDrive/Github/cfa-power/docs/_tex/index.tex:600: LaTeX Error: Unicode character ─ (U+2500)
               not set up for use with LaTeX.

See the LaTeX manual or LaTeX Companion for explanation.
Type  H <return>  for immediate help.
 ...                                              
                                                  
l.600 ...��─────────────
                                                  
You may provide a definition with
\DeclareUnicodeCharacter 


c:/Users/pablo/OneDrive/Github/cfa-power/docs/_tex/index.tex:600: LaTeX Error: Unicode character ─ (U+2500)
               not set up for use with LaTeX.

See the LaTeX manual or LaTeX Companion for explanation.
Type  H <return>  for immediate help.
 ...                                              
                                                  
l.600 ...��─────────────
                                                  
You may provide a definition with
\DeclareUnicodeCharacter 


c:/Users/pablo/OneDrive/Github/cfa-power/docs/_tex/index.tex:600: LaTeX Error: Unicode character ─ (U+2500)
               not set up for use with LaTeX.

See the LaTeX manual or LaTeX Companion for explanation.
Type  H <return>  for immediate help.
 ...                                              
                                                  
l.600 ...��─────────────
                                                  
You may provide a definition with
\DeclareUnicodeCharacter 


c:/Users/pablo/OneDrive/Github/cfa-power/docs/_tex/index.tex:601: LaTeX Error: Unicode character θ (U+03B8)
               not set up for use with LaTeX.

See the LaTeX manual or LaTeX Companion for explanation.
Type  H <return>  for immediate help.
 ...                                              
                                                  
l.601 ...ychological: θ = 1 − 0.7113² = 0.4941
                                                  
You may provide a definition with
\DeclareUnicodeCharacter 


c:/Users/pablo/OneDrive/Github/cfa-power/docs/_tex/index.tex:601: LaTeX Error: Unicode character − (U+2212)
               not set up for use with LaTeX.

See the LaTeX manual or LaTeX Companion for explanation.
Type  H <return>  for immediate help.
 ...                                              
                                                  
l.601 ...ychological: θ = 1 − 0.7113² = 0.4941
                                                  
You may provide a definition with
\DeclareUnicodeCharacter 


c:/Users/pablo/OneDrive/Github/cfa-power/docs/_tex/index.tex:607: LaTeX Error: Unicode character θ (U+03B8)
               not set up for use with LaTeX.

See the LaTeX manual or LaTeX Companion for explanation.
Type  H <return>  for immediate help.
 ...                                              
                                                  
l.607 ... # Physical: θ = 1 − 0.6837² = 0.5326
                                                  
You may provide a definition with
\DeclareUnicodeCharacter 


c:/Users/pablo/OneDrive/Github/cfa-power/docs/_tex/index.tex:607: LaTeX Error: Unicode character − (U+2212)
               not set up for use with LaTeX.

See the LaTeX manual or LaTeX Companion for explanation.
Type  H <return>  for immediate help.
 ...                                              
                                                  
l.607 ... # Physical: θ = 1 − 0.6837² = 0.5326
                                                  
You may provide a definition with
\DeclareUnicodeCharacter 

[9]

c:/Users/pablo/OneDrive/Github/cfa-power/docs/_tex/index.tex:614: LaTeX Error: Unicode character θ (U+03B8)
               not set up for use with LaTeX.

See the LaTeX manual or LaTeX Companion for explanation.
Type  H <return>  for immediate help.
 ...                                              
                                                  
l.614 ...   # Social: θ = 1 − 0.7661² = 0.4130
                                                  
You may provide a definition with
\DeclareUnicodeCharacter 


c:/Users/pablo/OneDrive/Github/cfa-power/docs/_tex/index.tex:614: LaTeX Error: Unicode character − (U+2212)
               not set up for use with LaTeX.

See the LaTeX manual or LaTeX Companion for explanation.
Type  H <return>  for immediate help.
 ...                                              
                                                  
l.614 ...   # Social: θ = 1 − 0.7661² = 0.4130
                                                  
You may provide a definition with
\DeclareUnicodeCharacter 


c:/Users/pablo/OneDrive/Github/cfa-power/docs/_tex/index.tex:617: LaTeX Error: Unicode character θ (U+03B8)
               not set up for use with LaTeX.

See the LaTeX manual or LaTeX Companion for explanation.
Type  H <return>  for immediate help.
 ...                                              
                                                  
l.617 ...vironmental: θ = 1 − 0.6424² = 0.5873
                                                  
You may provide a definition with
\DeclareUnicodeCharacter 


c:/Users/pablo/OneDrive/Github/cfa-power/docs/_tex/index.tex:617: LaTeX Error: Unicode character − (U+2212)
               not set up for use with LaTeX.

See the LaTeX manual or LaTeX Companion for explanation.
Type  H <return>  for immediate help.
 ...                                              
                                                  
l.617 ...vironmental: θ = 1 − 0.6424² = 0.5873
                                                  
You may provide a definition with
\DeclareUnicodeCharacter 

<index_files/figure-latex/Scripts-AnalysisScripts-01_population_models-fig-diagram-optmodel-output-1.png, id=82, 578.16pt x 505.89pt>
File: index_files/figure-latex/Scripts-AnalysisScripts-01_population_models-fig-diagram-optmodel-output-1.png Graphic file (type png)
<use index_files/figure-latex/Scripts-AnalysisScripts-01_population_models-fig-diagram-optmodel-output-1.png>
Package pdftex.def Info: index_files/figure-latex/Scripts-AnalysisScripts-01_population_models-fig-diagram-optmodel-output-1.png  used on input line 635.
(pdftex.def)             Requested size: 578.15858pt x 505.88875pt.
[10] [11 <./index_files/figure-latex/Scripts-AnalysisScripts-01_population_models-fig-diagram-optmodel-output-1.png (PNG copy)>]

c:/Users/pablo/OneDrive/Github/cfa-power/docs/_tex/index.tex:679: LaTeX Error: Unicode character ─ (U+2500)
               not set up for use with LaTeX.

See the LaTeX manual or LaTeX Companion for explanation.
Type  H <return>  for immediate help.
 ...                                              
                                                  
l.679 ...��─────────────
                                                  
You may provide a definition with
\DeclareUnicodeCharacter 


c:/Users/pablo/OneDrive/Github/cfa-power/docs/_tex/index.tex:679: LaTeX Error: Unicode character ─ (U+2500)
               not set up for use with LaTeX.

See the LaTeX manual or LaTeX Companion for explanation.
Type  H <return>  for immediate help.
 ...                                              
                                                  
l.679 ...��─────────────
                                                  
You may provide a definition with
\DeclareUnicodeCharacter 


c:/Users/pablo/OneDrive/Github/cfa-power/docs/_tex/index.tex:679: LaTeX Error: Unicode character ─ (U+2500)
               not set up for use with LaTeX.

See the LaTeX manual or LaTeX Companion for explanation.
Type  H <return>  for immediate help.
 ...                                              
                                                  
l.679 ...��─────────────
                                                  
You may provide a definition with
\DeclareUnicodeCharacter 


c:/Users/pablo/OneDrive/Github/cfa-power/docs/_tex/index.tex:679: LaTeX Error: Unicode character ─ (U+2500)
               not set up for use with LaTeX.

See the LaTeX manual or LaTeX Companion for explanation.
Type  H <return>  for immediate help.
 ...                                              
                                                  
l.679 ...��─────────────
                                                  
You may provide a definition with
\DeclareUnicodeCharacter 


c:/Users/pablo/OneDrive/Github/cfa-power/docs/_tex/index.tex:679: LaTeX Error: Unicode character ─ (U+2500)
               not set up for use with LaTeX.

See the LaTeX manual or LaTeX Companion for explanation.
Type  H <return>  for immediate help.
 ...                                              
                                                  
l.679 ...��─────────────
                                                  
You may provide a definition with
\DeclareUnicodeCharacter 


c:/Users/pablo/OneDrive/Github/cfa-power/docs/_tex/index.tex:679: LaTeX Error: Unicode character ─ (U+2500)
               not set up for use with LaTeX.

See the LaTeX manual or LaTeX Companion for explanation.
Type  H <return>  for immediate help.
 ...                                              
                                                  
l.679 ...��─────────────
                                                  
You may provide a definition with
\DeclareUnicodeCharacter 


c:/Users/pablo/OneDrive/Github/cfa-power/docs/_tex/index.tex:679: LaTeX Error: Unicode character ─ (U+2500)
               not set up for use with LaTeX.

See the LaTeX manual or LaTeX Companion for explanation.
Type  H <return>  for immediate help.
 ...                                              
                                                  
l.679 ...��─────────────
                                                  
You may provide a definition with
\DeclareUnicodeCharacter 


c:/Users/pablo/OneDrive/Github/cfa-power/docs/_tex/index.tex:679: LaTeX Error: Unicode character ─ (U+2500)
               not set up for use with LaTeX.

See the LaTeX manual or LaTeX Companion for explanation.
Type  H <return>  for immediate help.
 ...                                              
                                                  
l.679 ...��─────────────
                                                  
You may provide a definition with
\DeclareUnicodeCharacter 


c:/Users/pablo/OneDrive/Github/cfa-power/docs/_tex/index.tex:679: LaTeX Error: Unicode character ─ (U+2500)
               not set up for use with LaTeX.

See the LaTeX manual or LaTeX Companion for explanation.
Type  H <return>  for immediate help.
 ...                                              
                                                  
l.679 ...��─────────────
                                                  
You may provide a definition with
\DeclareUnicodeCharacter 


c:/Users/pablo/OneDrive/Github/cfa-power/docs/_tex/index.tex:679: LaTeX Error: Unicode character ─ (U+2500)
               not set up for use with LaTeX.

See the LaTeX manual or LaTeX Companion for explanation.
Type  H <return>  for immediate help.
 ...                                              
                                                  
l.679 ...��─────────────
                                                  
You may provide a definition with
\DeclareUnicodeCharacter 


c:/Users/pablo/OneDrive/Github/cfa-power/docs/_tex/index.tex:679: LaTeX Error: Unicode character ─ (U+2500)
               not set up for use with LaTeX.

See the LaTeX manual or LaTeX Companion for explanation.
Type  H <return>  for immediate help.
 ...                                              
                                                  
l.679 ...��─────────────
                                                  
You may provide a definition with
\DeclareUnicodeCharacter 


c:/Users/pablo/OneDrive/Github/cfa-power/docs/_tex/index.tex:679: LaTeX Error: Unicode character ─ (U+2500)
               not set up for use with LaTeX.

See the LaTeX manual or LaTeX Companion for explanation.
Type  H <return>  for immediate help.
 ...                                              
                                                  
l.679 ...��─────────────
                                                  
You may provide a definition with
\DeclareUnicodeCharacter 


c:/Users/pablo/OneDrive/Github/cfa-power/docs/_tex/index.tex:679: LaTeX Error: Unicode character ─ (U+2500)
               not set up for use with LaTeX.

See the LaTeX manual or LaTeX Companion for explanation.
Type  H <return>  for immediate help.
 ...                                              
                                                  
l.679 ...��─────────────
                                                  
You may provide a definition with
\DeclareUnicodeCharacter 


c:/Users/pablo/OneDrive/Github/cfa-power/docs/_tex/index.tex:679: LaTeX Error: Unicode character ─ (U+2500)
               not set up for use with LaTeX.

See the LaTeX manual or LaTeX Companion for explanation.
Type  H <return>  for immediate help.
 ...                                              
                                                  
l.679 ...��─────────────
                                                  
You may provide a definition with
\DeclareUnicodeCharacter 


c:/Users/pablo/OneDrive/Github/cfa-power/docs/_tex/index.tex:679: LaTeX Error: Unicode character ─ (U+2500)
               not set up for use with LaTeX.

See the LaTeX manual or LaTeX Companion for explanation.
Type  H <return>  for immediate help.
 ...                                              
                                                  
l.679 ...��─────────────
                                                  
You may provide a definition with
\DeclareUnicodeCharacter 


c:/Users/pablo/OneDrive/Github/cfa-power/docs/_tex/index.tex:679: LaTeX Error: Unicode character ─ (U+2500)
               not set up for use with LaTeX.

See the LaTeX manual or LaTeX Companion for explanation.
Type  H <return>  for immediate help.
 ...                                              
                                                  
l.679 ...��─────────────
                                                  
You may provide a definition with
\DeclareUnicodeCharacter 


c:/Users/pablo/OneDrive/Github/cfa-power/docs/_tex/index.tex:679: LaTeX Error: Unicode character ─ (U+2500)
               not set up for use with LaTeX.

See the LaTeX manual or LaTeX Companion for explanation.
Type  H <return>  for immediate help.
 ...                                              
                                                  
l.679 ...��─────────────
                                                  
You may provide a definition with
\DeclareUnicodeCharacter 


c:/Users/pablo/OneDrive/Github/cfa-power/docs/_tex/index.tex:679: LaTeX Error: Unicode character ─ (U+2500)
               not set up for use with LaTeX.

See the LaTeX manual or LaTeX Companion for explanation.
Type  H <return>  for immediate help.
 ...                                              
                                                  
l.679 ...��─────────────
                                                  
You may provide a definition with
\DeclareUnicodeCharacter 


c:/Users/pablo/OneDrive/Github/cfa-power/docs/_tex/index.tex:679: LaTeX Error: Unicode character ─ (U+2500)
               not set up for use with LaTeX.

See the LaTeX manual or LaTeX Companion for explanation.
Type  H <return>  for immediate help.
 ...                                              
                                                  
l.679 ...��─────────────
                                                  
You may provide a definition with
\DeclareUnicodeCharacter 


c:/Users/pablo/OneDrive/Github/cfa-power/docs/_tex/index.tex:679: LaTeX Error: Unicode character ─ (U+2500)
               not set up for use with LaTeX.

See the LaTeX manual or LaTeX Companion for explanation.
Type  H <return>  for immediate help.
 ...                                              
                                                  
l.679 ...��─────────────
                                                  
You may provide a definition with
\DeclareUnicodeCharacter 


c:/Users/pablo/OneDrive/Github/cfa-power/docs/_tex/index.tex:679: LaTeX Error: Unicode character ─ (U+2500)
               not set up for use with LaTeX.

See the LaTeX manual or LaTeX Companion for explanation.
Type  H <return>  for immediate help.
 ...                                              
                                                  
l.679 ...��─────────────
                                                  
You may provide a definition with
\DeclareUnicodeCharacter 


c:/Users/pablo/OneDrive/Github/cfa-power/docs/_tex/index.tex:679: LaTeX Error: Unicode character ─ (U+2500)
               not set up for use with LaTeX.

See the LaTeX manual or LaTeX Companion for explanation.
Type  H <return>  for immediate help.
 ...                                              
                                                  
l.679 ...��─────────────
                                                  
You may provide a definition with
\DeclareUnicodeCharacter 


c:/Users/pablo/OneDrive/Github/cfa-power/docs/_tex/index.tex:679: LaTeX Error: Unicode character ─ (U+2500)
               not set up for use with LaTeX.

See the LaTeX manual or LaTeX Companion for explanation.
Type  H <return>  for immediate help.
 ...                                              
                                                  
l.679 ...��─────────────
                                                  
You may provide a definition with
\DeclareUnicodeCharacter 


c:/Users/pablo/OneDrive/Github/cfa-power/docs/_tex/index.tex:679: LaTeX Error: Unicode character ─ (U+2500)
               not set up for use with LaTeX.

See the LaTeX manual or LaTeX Companion for explanation.
Type  H <return>  for immediate help.
 ...                                              
                                                  
l.679 ...��─────────────
                                                  
You may provide a definition with
\DeclareUnicodeCharacter 


c:/Users/pablo/OneDrive/Github/cfa-power/docs/_tex/index.tex:679: LaTeX Error: Unicode character ─ (U+2500)
               not set up for use with LaTeX.

See the LaTeX manual or LaTeX Companion for explanation.
Type  H <return>  for immediate help.
 ...                                              
                                                  
l.679 ...��─────────────
                                                  
You may provide a definition with
\DeclareUnicodeCharacter 


c:/Users/pablo/OneDrive/Github/cfa-power/docs/_tex/index.tex:679: LaTeX Error: Unicode character ─ (U+2500)
               not set up for use with LaTeX.

See the LaTeX manual or LaTeX Companion for explanation.
Type  H <return>  for immediate help.
 ...                                              
                                                  
l.679 ...��─────────────
                                                  
You may provide a definition with
\DeclareUnicodeCharacter 


c:/Users/pablo/OneDrive/Github/cfa-power/docs/_tex/index.tex:679: LaTeX Error: Unicode character ─ (U+2500)
               not set up for use with LaTeX.

See the LaTeX manual or LaTeX Companion for explanation.
Type  H <return>  for immediate help.
 ...                                              
                                                  
l.679 ...��─────────────
                                                  
You may provide a definition with
\DeclareUnicodeCharacter 


c:/Users/pablo/OneDrive/Github/cfa-power/docs/_tex/index.tex:679: LaTeX Error: Unicode character ─ (U+2500)
               not set up for use with LaTeX.

See the LaTeX manual or LaTeX Companion for explanation.
Type  H <return>  for immediate help.
 ...                                              
                                                  
l.679 ...��─────────────
                                                  
You may provide a definition with
\DeclareUnicodeCharacter 


c:/Users/pablo/OneDrive/Github/cfa-power/docs/_tex/index.tex:679: LaTeX Error: Unicode character ─ (U+2500)
               not set up for use with LaTeX.

See the LaTeX manual or LaTeX Companion for explanation.
Type  H <return>  for immediate help.
 ...                                              
                                                  
l.679 ...��─────────────
                                                  
You may provide a definition with
\DeclareUnicodeCharacter 


c:/Users/pablo/OneDrive/Github/cfa-power/docs/_tex/index.tex:694: LaTeX Error: Unicode character ─ (U+2500)
               not set up for use with LaTeX.

See the LaTeX manual or LaTeX Companion for explanation.
Type  H <return>  for immediate help.
 ...                                              
                                                  
l.694 ...nd analyzeModel) ────────
                                                  
You may provide a definition with
\DeclareUnicodeCharacter 


c:/Users/pablo/OneDrive/Github/cfa-power/docs/_tex/index.tex:694: LaTeX Error: Unicode character ─ (U+2500)
               not set up for use with LaTeX.

See the LaTeX manual or LaTeX Companion for explanation.
Type  H <return>  for immediate help.
 ...                                              
                                                  
l.694 ...nd analyzeModel) ────────
                                                  
You may provide a definition with
\DeclareUnicodeCharacter 


c:/Users/pablo/OneDrive/Github/cfa-power/docs/_tex/index.tex:694: LaTeX Error: Unicode character ─ (U+2500)
               not set up for use with LaTeX.

See the LaTeX manual or LaTeX Companion for explanation.
Type  H <return>  for immediate help.
 ...                                              
                                                  
l.694 ...nd analyzeModel) ────────
                                                  
You may provide a definition with
\DeclareUnicodeCharacter 


c:/Users/pablo/OneDrive/Github/cfa-power/docs/_tex/index.tex:694: LaTeX Error: Unicode character ─ (U+2500)
               not set up for use with LaTeX.

See the LaTeX manual or LaTeX Companion for explanation.
Type  H <return>  for immediate help.
 ...                                              
                                                  
l.694 ...nd analyzeModel) ────────
                                                  
You may provide a definition with
\DeclareUnicodeCharacter 


c:/Users/pablo/OneDrive/Github/cfa-power/docs/_tex/index.tex:694: LaTeX Error: Unicode character ─ (U+2500)
               not set up for use with LaTeX.

See the LaTeX manual or LaTeX Companion for explanation.
Type  H <return>  for immediate help.
 ...                                              
                                                  
l.694 ...nd analyzeModel) ────────
                                                  
You may provide a definition with
\DeclareUnicodeCharacter 


c:/Users/pablo/OneDrive/Github/cfa-power/docs/_tex/index.tex:694: LaTeX Error: Unicode character ─ (U+2500)
               not set up for use with LaTeX.

See the LaTeX manual or LaTeX Companion for explanation.
Type  H <return>  for immediate help.
 ...                                              
                                                  
l.694 ...nd analyzeModel) ────────
                                                  
You may provide a definition with
\DeclareUnicodeCharacter 


c:/Users/pablo/OneDrive/Github/cfa-power/docs/_tex/index.tex:694: LaTeX Error: Unicode character ─ (U+2500)
               not set up for use with LaTeX.

See the LaTeX manual or LaTeX Companion for explanation.
Type  H <return>  for immediate help.
 ...                                              
                                                  
l.694 ...nd analyzeModel) ────────
                                                  
You may provide a definition with
\DeclareUnicodeCharacter 


c:/Users/pablo/OneDrive/Github/cfa-power/docs/_tex/index.tex:694: LaTeX Error: Unicode character ─ (U+2500)
               not set up for use with LaTeX.

See the LaTeX manual or LaTeX Companion for explanation.
Type  H <return>  for immediate help.
 ...                                              
                                                  
l.694 ...nd analyzeModel) ────────
                                                  
You may provide a definition with
\DeclareUnicodeCharacter 


c:/Users/pablo/OneDrive/Github/cfa-power/docs/_tex/index.tex:694: LaTeX Error: Unicode character ─ (U+2500)
               not set up for use with LaTeX.

See the LaTeX manual or LaTeX Companion for explanation.
Type  H <return>  for immediate help.
 ...                                              
                                                  
l.694 ...nd analyzeModel) ────────
                                                  
You may provide a definition with
\DeclareUnicodeCharacter 


c:/Users/pablo/OneDrive/Github/cfa-power/docs/_tex/index.tex:694: LaTeX Error: Unicode character ─ (U+2500)
               not set up for use with LaTeX.

See the LaTeX manual or LaTeX Companion for explanation.
Type  H <return>  for immediate help.
 ...                                              
                                                  
l.694 ...nd analyzeModel) ────────
                                                  
You may provide a definition with
\DeclareUnicodeCharacter 


c:/Users/pablo/OneDrive/Github/cfa-power/docs/_tex/index.tex:697: LaTeX Error: Unicode character ─ (U+2500)
               not set up for use with LaTeX.

See the LaTeX manual or LaTeX Companion for explanation.
Type  H <return>  for immediate help.
 ...                                              
                                                  
l.697 ...��─────────────
                                                  
You may provide a definition with
\DeclareUnicodeCharacter 


c:/Users/pablo/OneDrive/Github/cfa-power/docs/_tex/index.tex:697: LaTeX Error: Unicode character ─ (U+2500)
               not set up for use with LaTeX.

See the LaTeX manual or LaTeX Companion for explanation.
Type  H <return>  for immediate help.
 ...                                              
                                                  
l.697 ...��─────────────
                                                  
You may provide a definition with
\DeclareUnicodeCharacter 


c:/Users/pablo/OneDrive/Github/cfa-power/docs/_tex/index.tex:697: LaTeX Error: Unicode character ─ (U+2500)
               not set up for use with LaTeX.

See the LaTeX manual or LaTeX Companion for explanation.
Type  H <return>  for immediate help.
 ...                                              
                                                  
l.697 ...��─────────────
                                                  
You may provide a definition with
\DeclareUnicodeCharacter 


c:/Users/pablo/OneDrive/Github/cfa-power/docs/_tex/index.tex:697: LaTeX Error: Unicode character ─ (U+2500)
               not set up for use with LaTeX.

See the LaTeX manual or LaTeX Companion for explanation.
Type  H <return>  for immediate help.
 ...                                              
                                                  
l.697 ...��─────────────
                                                  
You may provide a definition with
\DeclareUnicodeCharacter 


c:/Users/pablo/OneDrive/Github/cfa-power/docs/_tex/index.tex:697: LaTeX Error: Unicode character ─ (U+2500)
               not set up for use with LaTeX.

See the LaTeX manual or LaTeX Companion for explanation.
Type  H <return>  for immediate help.
 ...                                              
                                                  
l.697 ...��─────────────
                                                  
You may provide a definition with
\DeclareUnicodeCharacter 


c:/Users/pablo/OneDrive/Github/cfa-power/docs/_tex/index.tex:697: LaTeX Error: Unicode character ─ (U+2500)
               not set up for use with LaTeX.

See the LaTeX manual or LaTeX Companion for explanation.
Type  H <return>  for immediate help.
 ...                                              
                                                  
l.697 ...��─────────────
                                                  
You may provide a definition with
\DeclareUnicodeCharacter 


c:/Users/pablo/OneDrive/Github/cfa-power/docs/_tex/index.tex:697: LaTeX Error: Unicode character ─ (U+2500)
               not set up for use with LaTeX.

See the LaTeX manual or LaTeX Companion for explanation.
Type  H <return>  for immediate help.
 ...                                              
                                                  
l.697 ...��─────────────
                                                  
You may provide a definition with
\DeclareUnicodeCharacter 


c:/Users/pablo/OneDrive/Github/cfa-power/docs/_tex/index.tex:697: LaTeX Error: Unicode character ─ (U+2500)
               not set up for use with LaTeX.

See the LaTeX manual or LaTeX Companion for explanation.
Type  H <return>  for immediate help.
 ...                                              
                                                  
l.697 ...��─────────────
                                                  
You may provide a definition with
\DeclareUnicodeCharacter 


c:/Users/pablo/OneDrive/Github/cfa-power/docs/_tex/index.tex:697: LaTeX Error: Unicode character ─ (U+2500)
               not set up for use with LaTeX.

See the LaTeX manual or LaTeX Companion for explanation.
Type  H <return>  for immediate help.
 ...                                              
                                                  
l.697 ...��─────────────
                                                  
You may provide a definition with
\DeclareUnicodeCharacter 


c:/Users/pablo/OneDrive/Github/cfa-power/docs/_tex/index.tex:697: LaTeX Error: Unicode character ─ (U+2500)
               not set up for use with LaTeX.

See the LaTeX manual or LaTeX Companion for explanation.
Type  H <return>  for immediate help.
 ...                                              
                                                  
l.697 ...��─────────────
                                                  
You may provide a definition with
\DeclareUnicodeCharacter 


c:/Users/pablo/OneDrive/Github/cfa-power/docs/_tex/index.tex:697: LaTeX Error: Unicode character ─ (U+2500)
               not set up for use with LaTeX.

See the LaTeX manual or LaTeX Companion for explanation.
Type  H <return>  for immediate help.
 ...                                              
                                                  
l.697 ...��─────────────
                                                  
You may provide a definition with
\DeclareUnicodeCharacter 


c:/Users/pablo/OneDrive/Github/cfa-power/docs/_tex/index.tex:697: LaTeX Error: Unicode character ─ (U+2500)
               not set up for use with LaTeX.

See the LaTeX manual or LaTeX Companion for explanation.
Type  H <return>  for immediate help.
 ...                                              
                                                  
l.697 ...��─────────────
                                                  
You may provide a definition with
\DeclareUnicodeCharacter 


c:/Users/pablo/OneDrive/Github/cfa-power/docs/_tex/index.tex:697: LaTeX Error: Unicode character ─ (U+2500)
               not set up for use with LaTeX.

See the LaTeX manual or LaTeX Companion for explanation.
Type  H <return>  for immediate help.
 ...                                              
                                                  
l.697 ...��─────────────
                                                  
You may provide a definition with
\DeclareUnicodeCharacter 


c:/Users/pablo/OneDrive/Github/cfa-power/docs/_tex/index.tex:697: LaTeX Error: Unicode character ─ (U+2500)
               not set up for use with LaTeX.

See the LaTeX manual or LaTeX Companion for explanation.
Type  H <return>  for immediate help.
 ...                                              
                                                  
l.697 ...��─────────────
                                                  
You may provide a definition with
\DeclareUnicodeCharacter 


c:/Users/pablo/OneDrive/Github/cfa-power/docs/_tex/index.tex:697: LaTeX Error: Unicode character ─ (U+2500)
               not set up for use with LaTeX.

See the LaTeX manual or LaTeX Companion for explanation.
Type  H <return>  for immediate help.
 ...                                              
                                                  
l.697 ...��─────────────
                                                  
You may provide a definition with
\DeclareUnicodeCharacter 


c:/Users/pablo/OneDrive/Github/cfa-power/docs/_tex/index.tex:697: LaTeX Error: Unicode character ─ (U+2500)
               not set up for use with LaTeX.

See the LaTeX manual or LaTeX Companion for explanation.
Type  H <return>  for immediate help.
 ...                                              
                                                  
l.697 ...��─────────────
                                                  
You may provide a definition with
\DeclareUnicodeCharacter 


c:/Users/pablo/OneDrive/Github/cfa-power/docs/_tex/index.tex:697: LaTeX Error: Unicode character ─ (U+2500)
               not set up for use with LaTeX.

See the LaTeX manual or LaTeX Companion for explanation.
Type  H <return>  for immediate help.
 ...                                              
                                                  
l.697 ...��─────────────
                                                  
You may provide a definition with
\DeclareUnicodeCharacter 


c:/Users/pablo/OneDrive/Github/cfa-power/docs/_tex/index.tex:697: LaTeX Error: Unicode character ─ (U+2500)
               not set up for use with LaTeX.

See the LaTeX manual or LaTeX Companion for explanation.
Type  H <return>  for immediate help.
 ...                                              
                                                  
l.697 ...��─────────────
                                                  
You may provide a definition with
\DeclareUnicodeCharacter 


c:/Users/pablo/OneDrive/Github/cfa-power/docs/_tex/index.tex:697: LaTeX Error: Unicode character ─ (U+2500)
               not set up for use with LaTeX.

See the LaTeX manual or LaTeX Companion for explanation.
Type  H <return>  for immediate help.
 ...                                              
                                                  
l.697 ...��─────────────
                                                  
You may provide a definition with
\DeclareUnicodeCharacter 


c:/Users/pablo/OneDrive/Github/cfa-power/docs/_tex/index.tex:697: LaTeX Error: Unicode character ─ (U+2500)
               not set up for use with LaTeX.

See the LaTeX manual or LaTeX Companion for explanation.
Type  H <return>  for immediate help.
 ...                                              
                                                  
l.697 ...��─────────────
                                                  
You may provide a definition with
\DeclareUnicodeCharacter 


c:/Users/pablo/OneDrive/Github/cfa-power/docs/_tex/index.tex:697: LaTeX Error: Unicode character ─ (U+2500)
               not set up for use with LaTeX.

See the LaTeX manual or LaTeX Companion for explanation.
Type  H <return>  for immediate help.
 ...                                              
                                                  
l.697 ...��─────────────
                                                  
You may provide a definition with
\DeclareUnicodeCharacter 


c:/Users/pablo/OneDrive/Github/cfa-power/docs/_tex/index.tex:697: LaTeX Error: Unicode character ─ (U+2500)
               not set up for use with LaTeX.

See the LaTeX manual or LaTeX Companion for explanation.
Type  H <return>  for immediate help.
 ...                                              
                                                  
l.697 ...��─────────────
                                                  
You may provide a definition with
\DeclareUnicodeCharacter 


c:/Users/pablo/OneDrive/Github/cfa-power/docs/_tex/index.tex:703: LaTeX Error: Unicode character ─ (U+2500)
               not set up for use with LaTeX.

See the LaTeX manual or LaTeX Companion for explanation.
Type  H <return>  for immediate help.
 ...                                              
                                                  
l.703 ...��─────────────
                                                  
You may provide a definition with
\DeclareUnicodeCharacter 


c:/Users/pablo/OneDrive/Github/cfa-power/docs/_tex/index.tex:703: LaTeX Error: Unicode character ─ (U+2500)
               not set up for use with LaTeX.

See the LaTeX manual or LaTeX Companion for explanation.
Type  H <return>  for immediate help.
 ...                                              
                                                  
l.703 ...��─────────────
                                                  
You may provide a definition with
\DeclareUnicodeCharacter 


c:/Users/pablo/OneDrive/Github/cfa-power/docs/_tex/index.tex:703: LaTeX Error: Unicode character ─ (U+2500)
               not set up for use with LaTeX.

See the LaTeX manual or LaTeX Companion for explanation.
Type  H <return>  for immediate help.
 ...                                              
                                                  
l.703 ...��─────────────
                                                  
You may provide a definition with
\DeclareUnicodeCharacter 


c:/Users/pablo/OneDrive/Github/cfa-power/docs/_tex/index.tex:703: LaTeX Error: Unicode character ─ (U+2500)
               not set up for use with LaTeX.

See the LaTeX manual or LaTeX Companion for explanation.
Type  H <return>  for immediate help.
 ...                                              
                                                  
l.703 ...��─────────────
                                                  
You may provide a definition with
\DeclareUnicodeCharacter 


c:/Users/pablo/OneDrive/Github/cfa-power/docs/_tex/index.tex:703: LaTeX Error: Unicode character ─ (U+2500)
               not set up for use with LaTeX.

See the LaTeX manual or LaTeX Companion for explanation.
Type  H <return>  for immediate help.
 ...                                              
                                                  
l.703 ...��─────────────
                                                  
You may provide a definition with
\DeclareUnicodeCharacter 


c:/Users/pablo/OneDrive/Github/cfa-power/docs/_tex/index.tex:703: LaTeX Error: Unicode character ─ (U+2500)
               not set up for use with LaTeX.

See the LaTeX manual or LaTeX Companion for explanation.
Type  H <return>  for immediate help.
 ...                                              
                                                  
l.703 ...��─────────────
                                                  
You may provide a definition with
\DeclareUnicodeCharacter 


c:/Users/pablo/OneDrive/Github/cfa-power/docs/_tex/index.tex:703: LaTeX Error: Unicode character ─ (U+2500)
               not set up for use with LaTeX.

See the LaTeX manual or LaTeX Companion for explanation.
Type  H <return>  for immediate help.
 ...                                              
                                                  
l.703 ...��─────────────
                                                  
You may provide a definition with
\DeclareUnicodeCharacter 


c:/Users/pablo/OneDrive/Github/cfa-power/docs/_tex/index.tex:703: LaTeX Error: Unicode character ─ (U+2500)
               not set up for use with LaTeX.

See the LaTeX manual or LaTeX Companion for explanation.
Type  H <return>  for immediate help.
 ...                                              
                                                  
l.703 ...��─────────────
                                                  
You may provide a definition with
\DeclareUnicodeCharacter 


c:/Users/pablo/OneDrive/Github/cfa-power/docs/_tex/index.tex:703: LaTeX Error: Unicode character ─ (U+2500)
               not set up for use with LaTeX.

See the LaTeX manual or LaTeX Companion for explanation.
Type  H <return>  for immediate help.
 ...                                              
                                                  
l.703 ...��─────────────
                                                  
You may provide a definition with
\DeclareUnicodeCharacter 


c:/Users/pablo/OneDrive/Github/cfa-power/docs/_tex/index.tex:703: LaTeX Error: Unicode character ─ (U+2500)
               not set up for use with LaTeX.

See the LaTeX manual or LaTeX Companion for explanation.
Type  H <return>  for immediate help.
 ...                                              
                                                  
l.703 ...��─────────────
                                                  
You may provide a definition with
\DeclareUnicodeCharacter 


c:/Users/pablo/OneDrive/Github/cfa-power/docs/_tex/index.tex:703: LaTeX Error: Unicode character ─ (U+2500)
               not set up for use with LaTeX.

See the LaTeX manual or LaTeX Companion for explanation.
Type  H <return>  for immediate help.
 ...                                              
                                                  
l.703 ...��─────────────
                                                  
You may provide a definition with
\DeclareUnicodeCharacter 


c:/Users/pablo/OneDrive/Github/cfa-power/docs/_tex/index.tex:703: LaTeX Error: Unicode character ─ (U+2500)
               not set up for use with LaTeX.

See the LaTeX manual or LaTeX Companion for explanation.
Type  H <return>  for immediate help.
 ...                                              
                                                  
l.703 ...��─────────────
                                                  
You may provide a definition with
\DeclareUnicodeCharacter 


c:/Users/pablo/OneDrive/Github/cfa-power/docs/_tex/index.tex:703: LaTeX Error: Unicode character ─ (U+2500)
               not set up for use with LaTeX.

See the LaTeX manual or LaTeX Companion for explanation.
Type  H <return>  for immediate help.
 ...                                              
                                                  
l.703 ...��─────────────
                                                  
You may provide a definition with
\DeclareUnicodeCharacter 


c:/Users/pablo/OneDrive/Github/cfa-power/docs/_tex/index.tex:703: LaTeX Error: Unicode character ─ (U+2500)
               not set up for use with LaTeX.

See the LaTeX manual or LaTeX Companion for explanation.
Type  H <return>  for immediate help.
 ...                                              
                                                  
l.703 ...��─────────────
                                                  
You may provide a definition with
\DeclareUnicodeCharacter 


c:/Users/pablo/OneDrive/Github/cfa-power/docs/_tex/index.tex:703: LaTeX Error: Unicode character ─ (U+2500)
               not set up for use with LaTeX.

See the LaTeX manual or LaTeX Companion for explanation.
Type  H <return>  for immediate help.
 ...                                              
                                                  
l.703 ...��─────────────
                                                  
You may provide a definition with
\DeclareUnicodeCharacter 


c:/Users/pablo/OneDrive/Github/cfa-power/docs/_tex/index.tex:703: LaTeX Error: Unicode character ─ (U+2500)
               not set up for use with LaTeX.

See the LaTeX manual or LaTeX Companion for explanation.
Type  H <return>  for immediate help.
 ...                                              
                                                  
l.703 ...��─────────────
                                                  
You may provide a definition with
\DeclareUnicodeCharacter 


c:/Users/pablo/OneDrive/Github/cfa-power/docs/_tex/index.tex:703: LaTeX Error: Unicode character ─ (U+2500)
               not set up for use with LaTeX.

See the LaTeX manual or LaTeX Companion for explanation.
Type  H <return>  for immediate help.
 ...                                              
                                                  
l.703 ...��─────────────
                                                  
You may provide a definition with
\DeclareUnicodeCharacter 


c:/Users/pablo/OneDrive/Github/cfa-power/docs/_tex/index.tex:703: LaTeX Error: Unicode character ─ (U+2500)
               not set up for use with LaTeX.

See the LaTeX manual or LaTeX Companion for explanation.
Type  H <return>  for immediate help.
 ...                                              
                                                  
l.703 ...��─────────────
                                                  
You may provide a definition with
\DeclareUnicodeCharacter 


c:/Users/pablo/OneDrive/Github/cfa-power/docs/_tex/index.tex:703: LaTeX Error: Unicode character ─ (U+2500)
               not set up for use with LaTeX.

See the LaTeX manual or LaTeX Companion for explanation.
Type  H <return>  for immediate help.
 ...                                              
                                                  
l.703 ...��─────────────
                                                  
You may provide a definition with
\DeclareUnicodeCharacter 


c:/Users/pablo/OneDrive/Github/cfa-power/docs/_tex/index.tex:703: LaTeX Error: Unicode character ─ (U+2500)
               not set up for use with LaTeX.

See the LaTeX manual or LaTeX Companion for explanation.
Type  H <return>  for immediate help.
 ...                                              
                                                  
l.703 ...��─────────────
                                                  
You may provide a definition with
\DeclareUnicodeCharacter 


c:/Users/pablo/OneDrive/Github/cfa-power/docs/_tex/index.tex:703: LaTeX Error: Unicode character ─ (U+2500)
               not set up for use with LaTeX.

See the LaTeX manual or LaTeX Companion for explanation.
Type  H <return>  for immediate help.
 ...                                              
                                                  
l.703 ...��─────────────
                                                  
You may provide a definition with
\DeclareUnicodeCharacter 


c:/Users/pablo/OneDrive/Github/cfa-power/docs/_tex/index.tex:703: LaTeX Error: Unicode character ─ (U+2500)
               not set up for use with LaTeX.

See the LaTeX manual or LaTeX Companion for explanation.
Type  H <return>  for immediate help.
 ...                                              
                                                  
l.703 ...��─────────────
                                                  
You may provide a definition with
\DeclareUnicodeCharacter 


c:/Users/pablo/OneDrive/Github/cfa-power/docs/_tex/index.tex:703: LaTeX Error: Unicode character ─ (U+2500)
               not set up for use with LaTeX.

See the LaTeX manual or LaTeX Companion for explanation.
Type  H <return>  for immediate help.
 ...                                              
                                                  
l.703 ...��─────────────
                                                  
You may provide a definition with
\DeclareUnicodeCharacter 


c:/Users/pablo/OneDrive/Github/cfa-power/docs/_tex/index.tex:703: LaTeX Error: Unicode character ─ (U+2500)
               not set up for use with LaTeX.

See the LaTeX manual or LaTeX Companion for explanation.
Type  H <return>  for immediate help.
 ...                                              
                                                  
l.703 ...��─────────────
                                                  
You may provide a definition with
\DeclareUnicodeCharacter 


c:/Users/pablo/OneDrive/Github/cfa-power/docs/_tex/index.tex:703: LaTeX Error: Unicode character ─ (U+2500)
               not set up for use with LaTeX.

See the LaTeX manual or LaTeX Companion for explanation.
Type  H <return>  for immediate help.
 ...                                              
                                                  
l.703 ...��─────────────
                                                  
You may provide a definition with
\DeclareUnicodeCharacter 


c:/Users/pablo/OneDrive/Github/cfa-power/docs/_tex/index.tex:703: LaTeX Error: Unicode character ─ (U+2500)
               not set up for use with LaTeX.

See the LaTeX manual or LaTeX Companion for explanation.
Type  H <return>  for immediate help.
 ...                                              
                                                  
l.703 ...��─────────────
                                                  
You may provide a definition with
\DeclareUnicodeCharacter 


c:/Users/pablo/OneDrive/Github/cfa-power/docs/_tex/index.tex:703: LaTeX Error: Unicode character ─ (U+2500)
               not set up for use with LaTeX.

See the LaTeX manual or LaTeX Companion for explanation.
Type  H <return>  for immediate help.
 ...                                              
                                                  
l.703 ...��─────────────
                                                  
You may provide a definition with
\DeclareUnicodeCharacter 


c:/Users/pablo/OneDrive/Github/cfa-power/docs/_tex/index.tex:703: LaTeX Error: Unicode character ─ (U+2500)
               not set up for use with LaTeX.

See the LaTeX manual or LaTeX Companion for explanation.
Type  H <return>  for immediate help.
 ...                                              
                                                  
l.703 ...��─────────────
                                                  
You may provide a definition with
\DeclareUnicodeCharacter 


c:/Users/pablo/OneDrive/Github/cfa-power/docs/_tex/index.tex:703: LaTeX Error: Unicode character ─ (U+2500)
               not set up for use with LaTeX.

See the LaTeX manual or LaTeX Companion for explanation.
Type  H <return>  for immediate help.
 ...                                              
                                                  
l.703 ...��─────────────
                                                  
You may provide a definition with
\DeclareUnicodeCharacter 


c:/Users/pablo/OneDrive/Github/cfa-power/docs/_tex/index.tex:703: LaTeX Error: Unicode character ─ (U+2500)
               not set up for use with LaTeX.

See the LaTeX manual or LaTeX Companion for explanation.
Type  H <return>  for immediate help.
 ...                                              
                                                  
l.703 ...��─────────────
                                                  
You may provide a definition with
\DeclareUnicodeCharacter 


c:/Users/pablo/OneDrive/Github/cfa-power/docs/_tex/index.tex:703: LaTeX Error: Unicode character ─ (U+2500)
               not set up for use with LaTeX.

See the LaTeX manual or LaTeX Companion for explanation.
Type  H <return>  for immediate help.
 ...                                              
                                                  
l.703 ...��─────────────
                                                  
You may provide a definition with
\DeclareUnicodeCharacter 


c:/Users/pablo/OneDrive/Github/cfa-power/docs/_tex/index.tex:703: LaTeX Error: Unicode character ─ (U+2500)
               not set up for use with LaTeX.

See the LaTeX manual or LaTeX Companion for explanation.
Type  H <return>  for immediate help.
 ...                                              
                                                  
l.703 ...��─────────────
                                                  
You may provide a definition with
\DeclareUnicodeCharacter 


c:/Users/pablo/OneDrive/Github/cfa-power/docs/_tex/index.tex:703: LaTeX Error: Unicode character ─ (U+2500)
               not set up for use with LaTeX.

See the LaTeX manual or LaTeX Companion for explanation.
Type  H <return>  for immediate help.
 ...                                              
                                                  
l.703 ...��─────────────
                                                  
You may provide a definition with
\DeclareUnicodeCharacter 


c:/Users/pablo/OneDrive/Github/cfa-power/docs/_tex/index.tex:703: LaTeX Error: Unicode character ─ (U+2500)
               not set up for use with LaTeX.

See the LaTeX manual or LaTeX Companion for explanation.
Type  H <return>  for immediate help.
 ...                                              
                                                  
l.703 ...��─────────────
                                                  
You may provide a definition with
\DeclareUnicodeCharacter 


c:/Users/pablo/OneDrive/Github/cfa-power/docs/_tex/index.tex:703: LaTeX Error: Unicode character ─ (U+2500)
               not set up for use with LaTeX.

See the LaTeX manual or LaTeX Companion for explanation.
Type  H <return>  for immediate help.
 ...                                              
                                                  
l.703 ...��─────────────
                                                  
You may provide a definition with
\DeclareUnicodeCharacter 


c:/Users/pablo/OneDrive/Github/cfa-power/docs/_tex/index.tex:703: LaTeX Error: Unicode character ─ (U+2500)
               not set up for use with LaTeX.

See the LaTeX manual or LaTeX Companion for explanation.
Type  H <return>  for immediate help.
 ...                                              
                                                  
l.703 ...��─────────────
                                                  
You may provide a definition with
\DeclareUnicodeCharacter 


c:/Users/pablo/OneDrive/Github/cfa-power/docs/_tex/index.tex:703: LaTeX Error: Unicode character ─ (U+2500)
               not set up for use with LaTeX.

See the LaTeX manual or LaTeX Companion for explanation.
Type  H <return>  for immediate help.
 ...                                              
                                                  
l.703 ...��─────────────
                                                  
You may provide a definition with
\DeclareUnicodeCharacter 


c:/Users/pablo/OneDrive/Github/cfa-power/docs/_tex/index.tex:703: LaTeX Error: Unicode character ─ (U+2500)
               not set up for use with LaTeX.

See the LaTeX manual or LaTeX Companion for explanation.
Type  H <return>  for immediate help.
 ...                                              
                                                  
l.703 ...��─────────────
                                                  
You may provide a definition with
\DeclareUnicodeCharacter 


c:/Users/pablo/OneDrive/Github/cfa-power/docs/_tex/index.tex:703: LaTeX Error: Unicode character ─ (U+2500)
               not set up for use with LaTeX.

See the LaTeX manual or LaTeX Companion for explanation.
Type  H <return>  for immediate help.
 ...                                              
                                                  
l.703 ...��─────────────
                                                  
You may provide a definition with
\DeclareUnicodeCharacter 


c:/Users/pablo/OneDrive/Github/cfa-power/docs/_tex/index.tex:703: LaTeX Error: Unicode character ─ (U+2500)
               not set up for use with LaTeX.

See the LaTeX manual or LaTeX Companion for explanation.
Type  H <return>  for immediate help.
 ...                                              
                                                  
l.703 ...��─────────────
                                                  
You may provide a definition with
\DeclareUnicodeCharacter 


c:/Users/pablo/OneDrive/Github/cfa-power/docs/_tex/index.tex:703: LaTeX Error: Unicode character ─ (U+2500)
               not set up for use with LaTeX.

See the LaTeX manual or LaTeX Companion for explanation.
Type  H <return>  for immediate help.
 ...                                              
                                                  
l.703 ...��─────────────
                                                  
You may provide a definition with
\DeclareUnicodeCharacter 


c:/Users/pablo/OneDrive/Github/cfa-power/docs/_tex/index.tex:703: LaTeX Error: Unicode character ─ (U+2500)
               not set up for use with LaTeX.

See the LaTeX manual or LaTeX Companion for explanation.
Type  H <return>  for immediate help.
 ...                                              
                                                  
l.703 ...��─────────────
                                                  
You may provide a definition with
\DeclareUnicodeCharacter 


c:/Users/pablo/OneDrive/Github/cfa-power/docs/_tex/index.tex:703: LaTeX Error: Unicode character ─ (U+2500)
               not set up for use with LaTeX.

See the LaTeX manual or LaTeX Companion for explanation.
Type  H <return>  for immediate help.
 ...                                              
                                                  
l.703 ...��─────────────
                                                  
You may provide a definition with
\DeclareUnicodeCharacter 


c:/Users/pablo/OneDrive/Github/cfa-power/docs/_tex/index.tex:703: LaTeX Error: Unicode character ─ (U+2500)
               not set up for use with LaTeX.

See the LaTeX manual or LaTeX Companion for explanation.
Type  H <return>  for immediate help.
 ...                                              
                                                  
l.703 ...��─────────────
                                                  
You may provide a definition with
\DeclareUnicodeCharacter 


c:/Users/pablo/OneDrive/Github/cfa-power/docs/_tex/index.tex:703: LaTeX Error: Unicode character ─ (U+2500)
               not set up for use with LaTeX.

See the LaTeX manual or LaTeX Companion for explanation.
Type  H <return>  for immediate help.
 ...                                              
                                                  
l.703 ...��─────────────
                                                  
You may provide a definition with
\DeclareUnicodeCharacter 


c:/Users/pablo/OneDrive/Github/cfa-power/docs/_tex/index.tex:703: LaTeX Error: Unicode character ─ (U+2500)
               not set up for use with LaTeX.

See the LaTeX manual or LaTeX Companion for explanation.
Type  H <return>  for immediate help.
 ...                                              
                                                  
l.703 ...��─────────────
                                                  
You may provide a definition with
\DeclareUnicodeCharacter 


c:/Users/pablo/OneDrive/Github/cfa-power/docs/_tex/index.tex:703: LaTeX Error: Unicode character ─ (U+2500)
               not set up for use with LaTeX.

See the LaTeX manual or LaTeX Companion for explanation.
Type  H <return>  for immediate help.
 ...                                              
                                                  
l.703 ...��─────────────
                                                  
You may provide a definition with
\DeclareUnicodeCharacter 


c:/Users/pablo/OneDrive/Github/cfa-power/docs/_tex/index.tex:703: LaTeX Error: Unicode character ─ (U+2500)
               not set up for use with LaTeX.

See the LaTeX manual or LaTeX Companion for explanation.
Type  H <return>  for immediate help.
 ...                                              
                                                  
l.703 ...��─────────────
                                                  
You may provide a definition with
\DeclareUnicodeCharacter 


c:/Users/pablo/OneDrive/Github/cfa-power/docs/_tex/index.tex:703: LaTeX Error: Unicode character ─ (U+2500)
               not set up for use with LaTeX.

See the LaTeX manual or LaTeX Companion for explanation.
Type  H <return>  for immediate help.
 ...                                              
                                                  
l.703 ...��─────────────
                                                  
You may provide a definition with
\DeclareUnicodeCharacter 


c:/Users/pablo/OneDrive/Github/cfa-power/docs/_tex/index.tex:703: LaTeX Error: Unicode character ─ (U+2500)
               not set up for use with LaTeX.

See the LaTeX manual or LaTeX Companion for explanation.
Type  H <return>  for immediate help.
 ...                                              
                                                  
l.703 ...��─────────────
                                                  
You may provide a definition with
\DeclareUnicodeCharacter 


c:/Users/pablo/OneDrive/Github/cfa-power/docs/_tex/index.tex:703: LaTeX Error: Unicode character ─ (U+2500)
               not set up for use with LaTeX.

See the LaTeX manual or LaTeX Companion for explanation.
Type  H <return>  for immediate help.
 ...                                              
                                                  
l.703 ...��─────────────
                                                  
You may provide a definition with
\DeclareUnicodeCharacter 


c:/Users/pablo/OneDrive/Github/cfa-power/docs/_tex/index.tex:703: LaTeX Error: Unicode character ─ (U+2500)
               not set up for use with LaTeX.

See the LaTeX manual or LaTeX Companion for explanation.
Type  H <return>  for immediate help.
 ...                                              
                                                  
l.703 ...��─────────────
                                                  
You may provide a definition with
\DeclareUnicodeCharacter 


c:/Users/pablo/OneDrive/Github/cfa-power/docs/_tex/index.tex:703: LaTeX Error: Unicode character ─ (U+2500)
               not set up for use with LaTeX.

See the LaTeX manual or LaTeX Companion for explanation.
Type  H <return>  for immediate help.
 ...                                              
                                                  
l.703 ...��─────────────
                                                  
You may provide a definition with
\DeclareUnicodeCharacter 


c:/Users/pablo/OneDrive/Github/cfa-power/docs/_tex/index.tex:703: LaTeX Error: Unicode character ─ (U+2500)
               not set up for use with LaTeX.

See the LaTeX manual or LaTeX Companion for explanation.
Type  H <return>  for immediate help.
 ...                                              
                                                  
l.703 ...��─────────────
                                                  
You may provide a definition with
\DeclareUnicodeCharacter 

[12]
<index_files/figure-latex/Scripts-AnalysisScripts-01_population_models-fig-diagram-h1model-output-1.png, id=99, 578.16pt x 505.89pt>
File: index_files/figure-latex/Scripts-AnalysisScripts-01_population_models-fig-diagram-h1model-output-1.png Graphic file (type png)
<use index_files/figure-latex/Scripts-AnalysisScripts-01_population_models-fig-diagram-h1model-output-1.png>
Package pdftex.def Info: index_files/figure-latex/Scripts-AnalysisScripts-01_population_models-fig-diagram-h1model-output-1.png  used on input line 738.
(pdftex.def)             Requested size: 578.15858pt x 505.88875pt.
 [13]

LaTeX Warning: Reference `tbl-pop-summary' on page 14 undefined on input line 753.


LaTeX Warning: Reference `tbl-pop-comparison' on page 14 undefined on input line 754.

[14 <./index_files/figure-latex/Scripts-AnalysisScripts-01_population_models-fig-diagram-h1model-output-1.png (PNG copy)>]
ignored: Infinite glue shrinkage found in box being split [15]
ignored: Infinite glue shrinkage found in box being split [16]

c:/Users/pablo/OneDrive/Github/cfa-power/docs/_tex/index.tex:995: LaTeX Error: Unicode character ─ (U+2500)
               not set up for use with LaTeX.

See the LaTeX manual or LaTeX Companion for explanation.
Type  H <return>  for immediate help.
 ...                                              
                                                  
l.995 ...��─────────────
                                                  
You may provide a definition with
\DeclareUnicodeCharacter 


c:/Users/pablo/OneDrive/Github/cfa-power/docs/_tex/index.tex:995: LaTeX Error: Unicode character ─ (U+2500)
               not set up for use with LaTeX.

See the LaTeX manual or LaTeX Companion for explanation.
Type  H <return>  for immediate help.
 ...                                              
                                                  
l.995 ...��─────────────
                                                  
You may provide a definition with
\DeclareUnicodeCharacter 


c:/Users/pablo/OneDrive/Github/cfa-power/docs/_tex/index.tex:995: LaTeX Error: Unicode character ─ (U+2500)
               not set up for use with LaTeX.

See the LaTeX manual or LaTeX Companion for explanation.
Type  H <return>  for immediate help.
 ...                                              
                                                  
l.995 ...��─────────────
                                                  
You may provide a definition with
\DeclareUnicodeCharacter 


c:/Users/pablo/OneDrive/Github/cfa-power/docs/_tex/index.tex:995: LaTeX Error: Unicode character ─ (U+2500)
               not set up for use with LaTeX.

See the LaTeX manual or LaTeX Companion for explanation.
Type  H <return>  for immediate help.
 ...                                              
                                                  
l.995 ...��─────────────
                                                  
You may provide a definition with
\DeclareUnicodeCharacter 


c:/Users/pablo/OneDrive/Github/cfa-power/docs/_tex/index.tex:995: LaTeX Error: Unicode character ─ (U+2500)
               not set up for use with LaTeX.

See the LaTeX manual or LaTeX Companion for explanation.
Type  H <return>  for immediate help.
 ...                                              
                                                  
l.995 ...��─────────────
                                                  
You may provide a definition with
\DeclareUnicodeCharacter 


c:/Users/pablo/OneDrive/Github/cfa-power/docs/_tex/index.tex:995: LaTeX Error: Unicode character ─ (U+2500)
               not set up for use with LaTeX.

See the LaTeX manual or LaTeX Companion for explanation.
Type  H <return>  for immediate help.
 ...                                              
                                                  
l.995 ...��─────────────
                                                  
You may provide a definition with
\DeclareUnicodeCharacter 


c:/Users/pablo/OneDrive/Github/cfa-power/docs/_tex/index.tex:995: LaTeX Error: Unicode character ─ (U+2500)
               not set up for use with LaTeX.

See the LaTeX manual or LaTeX Companion for explanation.
Type  H <return>  for immediate help.
 ...                                              
                                                  
l.995 ...��─────────────
                                                  
You may provide a definition with
\DeclareUnicodeCharacter 


c:/Users/pablo/OneDrive/Github/cfa-power/docs/_tex/index.tex:995: LaTeX Error: Unicode character ─ (U+2500)
               not set up for use with LaTeX.

See the LaTeX manual or LaTeX Companion for explanation.
Type  H <return>  for immediate help.
 ...                                              
                                                  
l.995 ...��─────────────
                                                  
You may provide a definition with
\DeclareUnicodeCharacter 


c:/Users/pablo/OneDrive/Github/cfa-power/docs/_tex/index.tex:995: LaTeX Error: Unicode character ─ (U+2500)
               not set up for use with LaTeX.

See the LaTeX manual or LaTeX Companion for explanation.
Type  H <return>  for immediate help.
 ...                                              
                                                  
l.995 ...��─────────────
                                                  
You may provide a definition with
\DeclareUnicodeCharacter 


c:/Users/pablo/OneDrive/Github/cfa-power/docs/_tex/index.tex:995: LaTeX Error: Unicode character ─ (U+2500)
               not set up for use with LaTeX.

See the LaTeX manual or LaTeX Companion for explanation.
Type  H <return>  for immediate help.
 ...                                              
                                                  
l.995 ...��─────────────
                                                  
You may provide a definition with
\DeclareUnicodeCharacter 


c:/Users/pablo/OneDrive/Github/cfa-power/docs/_tex/index.tex:995: LaTeX Error: Unicode character ─ (U+2500)
               not set up for use with LaTeX.

See the LaTeX manual or LaTeX Companion for explanation.
Type  H <return>  for immediate help.
 ...                                              
                                                  
l.995 ...��─────────────
                                                  
You may provide a definition with
\DeclareUnicodeCharacter 


c:/Users/pablo/OneDrive/Github/cfa-power/docs/_tex/index.tex:995: LaTeX Error: Unicode character ─ (U+2500)
               not set up for use with LaTeX.

See the LaTeX manual or LaTeX Companion for explanation.
Type  H <return>  for immediate help.
 ...                                              
                                                  
l.995 ...��─────────────
                                                  
You may provide a definition with
\DeclareUnicodeCharacter 


c:/Users/pablo/OneDrive/Github/cfa-power/docs/_tex/index.tex:995: LaTeX Error: Unicode character ─ (U+2500)
               not set up for use with LaTeX.

See the LaTeX manual or LaTeX Companion for explanation.
Type  H <return>  for immediate help.
 ...                                              
                                                  
l.995 ...��─────────────
                                                  
You may provide a definition with
\DeclareUnicodeCharacter 


c:/Users/pablo/OneDrive/Github/cfa-power/docs/_tex/index.tex:995: LaTeX Error: Unicode character ─ (U+2500)
               not set up for use with LaTeX.

See the LaTeX manual or LaTeX Companion for explanation.
Type  H <return>  for immediate help.
 ...                                              
                                                  
l.995 ...��─────────────
                                                  
You may provide a definition with
\DeclareUnicodeCharacter 


c:/Users/pablo/OneDrive/Github/cfa-power/docs/_tex/index.tex:995: LaTeX Error: Unicode character ─ (U+2500)
               not set up for use with LaTeX.

See the LaTeX manual or LaTeX Companion for explanation.
Type  H <return>  for immediate help.
 ...                                              
                                                  
l.995 ...��─────────────
                                                  
You may provide a definition with
\DeclareUnicodeCharacter 


c:/Users/pablo/OneDrive/Github/cfa-power/docs/_tex/index.tex:995: LaTeX Error: Unicode character ─ (U+2500)
               not set up for use with LaTeX.

See the LaTeX manual or LaTeX Companion for explanation.
Type  H <return>  for immediate help.
 ...                                              
                                                  
l.995 ...��─────────────
                                                  
You may provide a definition with
\DeclareUnicodeCharacter 


c:/Users/pablo/OneDrive/Github/cfa-power/docs/_tex/index.tex:995: LaTeX Error: Unicode character ─ (U+2500)
               not set up for use with LaTeX.

See the LaTeX manual or LaTeX Companion for explanation.
Type  H <return>  for immediate help.
 ...                                              
                                                  
l.995 ...��─────────────
                                                  
You may provide a definition with
\DeclareUnicodeCharacter 


c:/Users/pablo/OneDrive/Github/cfa-power/docs/_tex/index.tex:995: LaTeX Error: Unicode character ─ (U+2500)
               not set up for use with LaTeX.

See the LaTeX manual or LaTeX Companion for explanation.
Type  H <return>  for immediate help.
 ...                                              
                                                  
l.995 ...��─────────────
                                                  
You may provide a definition with
\DeclareUnicodeCharacter 


c:/Users/pablo/OneDrive/Github/cfa-power/docs/_tex/index.tex:995: LaTeX Error: Unicode character ─ (U+2500)
               not set up for use with LaTeX.

See the LaTeX manual or LaTeX Companion for explanation.
Type  H <return>  for immediate help.
 ...                                              
                                                  
l.995 ...��─────────────
                                                  
You may provide a definition with
\DeclareUnicodeCharacter 


c:/Users/pablo/OneDrive/Github/cfa-power/docs/_tex/index.tex:995: LaTeX Error: Unicode character ─ (U+2500)
               not set up for use with LaTeX.

See the LaTeX manual or LaTeX Companion for explanation.
Type  H <return>  for immediate help.
 ...                                              
                                                  
l.995 ...��─────────────
                                                  
You may provide a definition with
\DeclareUnicodeCharacter 


c:/Users/pablo/OneDrive/Github/cfa-power/docs/_tex/index.tex:995: LaTeX Error: Unicode character ─ (U+2500)
               not set up for use with LaTeX.

See the LaTeX manual or LaTeX Companion for explanation.
Type  H <return>  for immediate help.
 ...                                              
                                                  
l.995 ...��─────────────
                                                  
You may provide a definition with
\DeclareUnicodeCharacter 


c:/Users/pablo/OneDrive/Github/cfa-power/docs/_tex/index.tex:995: LaTeX Error: Unicode character ─ (U+2500)
               not set up for use with LaTeX.

See the LaTeX manual or LaTeX Companion for explanation.
Type  H <return>  for immediate help.
 ...                                              
                                                  
l.995 ...��─────────────
                                                  
You may provide a definition with
\DeclareUnicodeCharacter 


c:/Users/pablo/OneDrive/Github/cfa-power/docs/_tex/index.tex:995: LaTeX Error: Unicode character ─ (U+2500)
               not set up for use with LaTeX.

See the LaTeX manual or LaTeX Companion for explanation.
Type  H <return>  for immediate help.
 ...                                              
                                                  
l.995 ...��─────────────
                                                  
You may provide a definition with
\DeclareUnicodeCharacter 


c:/Users/pablo/OneDrive/Github/cfa-power/docs/_tex/index.tex:995: LaTeX Error: Unicode character ─ (U+2500)
               not set up for use with LaTeX.

See the LaTeX manual or LaTeX Companion for explanation.
Type  H <return>  for immediate help.
 ...                                              
                                                  
l.995 ...��─────────────
                                                  
You may provide a definition with
\DeclareUnicodeCharacter 


c:/Users/pablo/OneDrive/Github/cfa-power/docs/_tex/index.tex:995: LaTeX Error: Unicode character ─ (U+2500)
               not set up for use with LaTeX.

See the LaTeX manual or LaTeX Companion for explanation.
Type  H <return>  for immediate help.
 ...                                              
                                                  
l.995 ...��─────────────
                                                  
You may provide a definition with
\DeclareUnicodeCharacter 


c:/Users/pablo/OneDrive/Github/cfa-power/docs/_tex/index.tex:995: LaTeX Error: Unicode character ─ (U+2500)
               not set up for use with LaTeX.

See the LaTeX manual or LaTeX Companion for explanation.
Type  H <return>  for immediate help.
 ...                                              
                                                  
l.995 ...��─────────────
                                                  
You may provide a definition with
\DeclareUnicodeCharacter 


c:/Users/pablo/OneDrive/Github/cfa-power/docs/_tex/index.tex:995: LaTeX Error: Unicode character ─ (U+2500)
               not set up for use with LaTeX.

See the LaTeX manual or LaTeX Companion for explanation.
Type  H <return>  for immediate help.
 ...                                              
                                                  
l.995 ...��─────────────
                                                  
You may provide a definition with
\DeclareUnicodeCharacter 


c:/Users/pablo/OneDrive/Github/cfa-power/docs/_tex/index.tex:995: LaTeX Error: Unicode character ─ (U+2500)
               not set up for use with LaTeX.

See the LaTeX manual or LaTeX Companion for explanation.
Type  H <return>  for immediate help.
 ...                                              
                                                  
l.995 ...��─────────────
                                                  
You may provide a definition with
\DeclareUnicodeCharacter 


c:/Users/pablo/OneDrive/Github/cfa-power/docs/_tex/index.tex:995: LaTeX Error: Unicode character ─ (U+2500)
               not set up for use with LaTeX.

See the LaTeX manual or LaTeX Companion for explanation.
Type  H <return>  for immediate help.
 ...                                              
                                                  
l.995 ...��─────────────
                                                  
You may provide a definition with
\DeclareUnicodeCharacter 


c:/Users/pablo/OneDrive/Github/cfa-power/docs/_tex/index.tex:995: LaTeX Error: Unicode character ─ (U+2500)
               not set up for use with LaTeX.

See the LaTeX manual or LaTeX Companion for explanation.
Type  H <return>  for immediate help.
 ...                                              
                                                  
l.995 ...��─────────────
                                                  
You may provide a definition with
\DeclareUnicodeCharacter 


c:/Users/pablo/OneDrive/Github/cfa-power/docs/_tex/index.tex:995: LaTeX Error: Unicode character ─ (U+2500)
               not set up for use with LaTeX.

See the LaTeX manual or LaTeX Companion for explanation.
Type  H <return>  for immediate help.
 ...                                              
                                                  
l.995 ...��─────────────
                                                  
You may provide a definition with
\DeclareUnicodeCharacter 


c:/Users/pablo/OneDrive/Github/cfa-power/docs/_tex/index.tex:995: LaTeX Error: Unicode character ─ (U+2500)
               not set up for use with LaTeX.

See the LaTeX manual or LaTeX Companion for explanation.
Type  H <return>  for immediate help.
 ...                                              
                                                  
l.995 ...��─────────────
                                                  
You may provide a definition with
\DeclareUnicodeCharacter 


c:/Users/pablo/OneDrive/Github/cfa-power/docs/_tex/index.tex:995: LaTeX Error: Unicode character ─ (U+2500)
               not set up for use with LaTeX.

See the LaTeX manual or LaTeX Companion for explanation.
Type  H <return>  for immediate help.
 ...                                              
                                                  
l.995 ...��─────────────
                                                  
You may provide a definition with
\DeclareUnicodeCharacter 


c:/Users/pablo/OneDrive/Github/cfa-power/docs/_tex/index.tex:995: LaTeX Error: Unicode character ─ (U+2500)
               not set up for use with LaTeX.

See the LaTeX manual or LaTeX Companion for explanation.
Type  H <return>  for immediate help.
 ...                                              
                                                  
l.995 ...��─────────────
                                                  
You may provide a definition with
\DeclareUnicodeCharacter 


c:/Users/pablo/OneDrive/Github/cfa-power/docs/_tex/index.tex:995: LaTeX Error: Unicode character ─ (U+2500)
               not set up for use with LaTeX.

See the LaTeX manual or LaTeX Companion for explanation.
Type  H <return>  for immediate help.
 ...                                              
                                                  
l.995 ...��─────────────
                                                  
You may provide a definition with
\DeclareUnicodeCharacter 


c:/Users/pablo/OneDrive/Github/cfa-power/docs/_tex/index.tex:995: LaTeX Error: Unicode character ─ (U+2500)
               not set up for use with LaTeX.

See the LaTeX manual or LaTeX Companion for explanation.
Type  H <return>  for immediate help.
 ...                                              
                                                  
l.995 ...��─────────────
                                                  
You may provide a definition with
\DeclareUnicodeCharacter 


c:/Users/pablo/OneDrive/Github/cfa-power/docs/_tex/index.tex:995: LaTeX Error: Unicode character ─ (U+2500)
               not set up for use with LaTeX.

See the LaTeX manual or LaTeX Companion for explanation.
Type  H <return>  for immediate help.
 ...                                              
                                                  
l.995 ...��─────────────
                                                  
You may provide a definition with
\DeclareUnicodeCharacter 


c:/Users/pablo/OneDrive/Github/cfa-power/docs/_tex/index.tex:995: LaTeX Error: Unicode character ─ (U+2500)
               not set up for use with LaTeX.

See the LaTeX manual or LaTeX Companion for explanation.
Type  H <return>  for immediate help.
 ...                                              
                                                  
l.995 ...��─────────────
                                                  
You may provide a definition with
\DeclareUnicodeCharacter 


c:/Users/pablo/OneDrive/Github/cfa-power/docs/_tex/index.tex:995: LaTeX Error: Unicode character ─ (U+2500)
               not set up for use with LaTeX.

See the LaTeX manual or LaTeX Companion for explanation.
Type  H <return>  for immediate help.
 ...                                              
                                                  
l.995 ...��─────────────
                                                  
You may provide a definition with
\DeclareUnicodeCharacter 


c:/Users/pablo/OneDrive/Github/cfa-power/docs/_tex/index.tex:1001: LaTeX Error: Unicode character ─ (U+2500)
               not set up for use with LaTeX.

See the LaTeX manual or LaTeX Companion for explanation.
Type  H <return>  for immediate help.
 ...                                              
                                                  
l.1001 ...�─────────────
                                                  
You may provide a definition with
\DeclareUnicodeCharacter 


c:/Users/pablo/OneDrive/Github/cfa-power/docs/_tex/index.tex:1001: LaTeX Error: Unicode character ─ (U+2500)
               not set up for use with LaTeX.

See the LaTeX manual or LaTeX Companion for explanation.
Type  H <return>  for immediate help.
 ...                                              
                                                  
l.1001 ...�─────────────
                                                  
You may provide a definition with
\DeclareUnicodeCharacter 


c:/Users/pablo/OneDrive/Github/cfa-power/docs/_tex/index.tex:1001: LaTeX Error: Unicode character ─ (U+2500)
               not set up for use with LaTeX.

See the LaTeX manual or LaTeX Companion for explanation.
Type  H <return>  for immediate help.
 ...                                              
                                                  
l.1001 ...�─────────────
                                                  
You may provide a definition with
\DeclareUnicodeCharacter 


c:/Users/pablo/OneDrive/Github/cfa-power/docs/_tex/index.tex:1001: LaTeX Error: Unicode character ─ (U+2500)
               not set up for use with LaTeX.

See the LaTeX manual or LaTeX Companion for explanation.
Type  H <return>  for immediate help.
 ...                                              
                                                  
l.1001 ...�─────────────
                                                  
You may provide a definition with
\DeclareUnicodeCharacter 


c:/Users/pablo/OneDrive/Github/cfa-power/docs/_tex/index.tex:1001: LaTeX Error: Unicode character ─ (U+2500)
               not set up for use with LaTeX.

See the LaTeX manual or LaTeX Companion for explanation.
Type  H <return>  for immediate help.
 ...                                              
                                                  
l.1001 ...�─────────────
                                                  
You may provide a definition with
\DeclareUnicodeCharacter 


c:/Users/pablo/OneDrive/Github/cfa-power/docs/_tex/index.tex:1001: LaTeX Error: Unicode character ─ (U+2500)
               not set up for use with LaTeX.

See the LaTeX manual or LaTeX Companion for explanation.
Type  H <return>  for immediate help.
 ...                                              
                                                  
l.1001 ...�─────────────
                                                  
You may provide a definition with
\DeclareUnicodeCharacter 


c:/Users/pablo/OneDrive/Github/cfa-power/docs/_tex/index.tex:1001: LaTeX Error: Unicode character ─ (U+2500)
               not set up for use with LaTeX.

See the LaTeX manual or LaTeX Companion for explanation.
Type  H <return>  for immediate help.
 ...                                              
                                                  
l.1001 ...�─────────────
                                                  
You may provide a definition with
\DeclareUnicodeCharacter 


c:/Users/pablo/OneDrive/Github/cfa-power/docs/_tex/index.tex:1001: LaTeX Error: Unicode character ─ (U+2500)
               not set up for use with LaTeX.

See the LaTeX manual or LaTeX Companion for explanation.
Type  H <return>  for immediate help.
 ...                                              
                                                  
l.1001 ...�─────────────
                                                  
You may provide a definition with
\DeclareUnicodeCharacter 


c:/Users/pablo/OneDrive/Github/cfa-power/docs/_tex/index.tex:1001: LaTeX Error: Unicode character ─ (U+2500)
               not set up for use with LaTeX.

See the LaTeX manual or LaTeX Companion for explanation.
Type  H <return>  for immediate help.
 ...                                              
                                                  
l.1001 ...�─────────────
                                                  
You may provide a definition with
\DeclareUnicodeCharacter 


c:/Users/pablo/OneDrive/Github/cfa-power/docs/_tex/index.tex:1001: LaTeX Error: Unicode character ─ (U+2500)
               not set up for use with LaTeX.

See the LaTeX manual or LaTeX Companion for explanation.
Type  H <return>  for immediate help.
 ...                                              
                                                  
l.1001 ...�─────────────
                                                  
You may provide a definition with
\DeclareUnicodeCharacter 


c:/Users/pablo/OneDrive/Github/cfa-power/docs/_tex/index.tex:1001: LaTeX Error: Unicode character ─ (U+2500)
               not set up for use with LaTeX.

See the LaTeX manual or LaTeX Companion for explanation.
Type  H <return>  for immediate help.
 ...                                              
                                                  
l.1001 ...�─────────────
                                                  
You may provide a definition with
\DeclareUnicodeCharacter 


c:/Users/pablo/OneDrive/Github/cfa-power/docs/_tex/index.tex:1001: LaTeX Error: Unicode character ─ (U+2500)
               not set up for use with LaTeX.

See the LaTeX manual or LaTeX Companion for explanation.
Type  H <return>  for immediate help.
 ...                                              
                                                  
l.1001 ...�─────────────
                                                  
You may provide a definition with
\DeclareUnicodeCharacter 


c:/Users/pablo/OneDrive/Github/cfa-power/docs/_tex/index.tex:1001: LaTeX Error: Unicode character ─ (U+2500)
               not set up for use with LaTeX.

See the LaTeX manual or LaTeX Companion for explanation.
Type  H <return>  for immediate help.
 ...                                              
                                                  
l.1001 ...�─────────────
                                                  
You may provide a definition with
\DeclareUnicodeCharacter 


c:/Users/pablo/OneDrive/Github/cfa-power/docs/_tex/index.tex:1001: LaTeX Error: Unicode character ─ (U+2500)
               not set up for use with LaTeX.

See the LaTeX manual or LaTeX Companion for explanation.
Type  H <return>  for immediate help.
 ...                                              
                                                  
l.1001 ...�─────────────
                                                  
You may provide a definition with
\DeclareUnicodeCharacter 


c:/Users/pablo/OneDrive/Github/cfa-power/docs/_tex/index.tex:1001: LaTeX Error: Unicode character ─ (U+2500)
               not set up for use with LaTeX.

See the LaTeX manual or LaTeX Companion for explanation.
Type  H <return>  for immediate help.
 ...                                              
                                                  
l.1001 ...�─────────────
                                                  
You may provide a definition with
\DeclareUnicodeCharacter 


c:/Users/pablo/OneDrive/Github/cfa-power/docs/_tex/index.tex:1001: LaTeX Error: Unicode character ─ (U+2500)
               not set up for use with LaTeX.

See the LaTeX manual or LaTeX Companion for explanation.
Type  H <return>  for immediate help.
 ...                                              
                                                  
l.1001 ...�─────────────
                                                  
You may provide a definition with
\DeclareUnicodeCharacter 


c:/Users/pablo/OneDrive/Github/cfa-power/docs/_tex/index.tex:1001: LaTeX Error: Unicode character ─ (U+2500)
               not set up for use with LaTeX.

See the LaTeX manual or LaTeX Companion for explanation.
Type  H <return>  for immediate help.
 ...                                              
                                                  
l.1001 ...�─────────────
                                                  
You may provide a definition with
\DeclareUnicodeCharacter 

[17]

c:/Users/pablo/OneDrive/Github/cfa-power/docs/_tex/index.tex:1007: LaTeX Error: Unicode character ─ (U+2500)
               not set up for use with LaTeX.

See the LaTeX manual or LaTeX Companion for explanation.
Type  H <return>  for immediate help.
 ...                                              
                                                  
l.1007 ...�─────────────
                                                  
You may provide a definition with
\DeclareUnicodeCharacter 


c:/Users/pablo/OneDrive/Github/cfa-power/docs/_tex/index.tex:1007: LaTeX Error: Unicode character ─ (U+2500)
               not set up for use with LaTeX.

See the LaTeX manual or LaTeX Companion for explanation.
Type  H <return>  for immediate help.
 ...                                              
                                                  
l.1007 ...�─────────────
                                                  
You may provide a definition with
\DeclareUnicodeCharacter 


c:/Users/pablo/OneDrive/Github/cfa-power/docs/_tex/index.tex:1007: LaTeX Error: Unicode character ─ (U+2500)
               not set up for use with LaTeX.

See the LaTeX manual or LaTeX Companion for explanation.
Type  H <return>  for immediate help.
 ...                                              
                                                  
l.1007 ...�─────────────
                                                  
You may provide a definition with
\DeclareUnicodeCharacter 


c:/Users/pablo/OneDrive/Github/cfa-power/docs/_tex/index.tex:1007: LaTeX Error: Unicode character ─ (U+2500)
               not set up for use with LaTeX.

See the LaTeX manual or LaTeX Companion for explanation.
Type  H <return>  for immediate help.
 ...                                              
                                                  
l.1007 ...�─────────────
                                                  
You may provide a definition with
\DeclareUnicodeCharacter 


c:/Users/pablo/OneDrive/Github/cfa-power/docs/_tex/index.tex:1007: LaTeX Error: Unicode character ─ (U+2500)
               not set up for use with LaTeX.

See the LaTeX manual or LaTeX Companion for explanation.
Type  H <return>  for immediate help.
 ...                                              
                                                  
l.1007 ...�─────────────
                                                  
You may provide a definition with
\DeclareUnicodeCharacter 


c:/Users/pablo/OneDrive/Github/cfa-power/docs/_tex/index.tex:1007: LaTeX Error: Unicode character ─ (U+2500)
               not set up for use with LaTeX.

See the LaTeX manual or LaTeX Companion for explanation.
Type  H <return>  for immediate help.
 ...                                              
                                                  
l.1007 ...�─────────────
                                                  
You may provide a definition with
\DeclareUnicodeCharacter 


c:/Users/pablo/OneDrive/Github/cfa-power/docs/_tex/index.tex:1007: LaTeX Error: Unicode character ─ (U+2500)
               not set up for use with LaTeX.

See the LaTeX manual or LaTeX Companion for explanation.
Type  H <return>  for immediate help.
 ...                                              
                                                  
l.1007 ...�─────────────
                                                  
You may provide a definition with
\DeclareUnicodeCharacter 


c:/Users/pablo/OneDrive/Github/cfa-power/docs/_tex/index.tex:1007: LaTeX Error: Unicode character ─ (U+2500)
               not set up for use with LaTeX.

See the LaTeX manual or LaTeX Companion for explanation.
Type  H <return>  for immediate help.
 ...                                              
                                                  
l.1007 ...�─────────────
                                                  
You may provide a definition with
\DeclareUnicodeCharacter 


c:/Users/pablo/OneDrive/Github/cfa-power/docs/_tex/index.tex:1007: LaTeX Error: Unicode character ─ (U+2500)
               not set up for use with LaTeX.

See the LaTeX manual or LaTeX Companion for explanation.
Type  H <return>  for immediate help.
 ...                                              
                                                  
l.1007 ...�─────────────
                                                  
You may provide a definition with
\DeclareUnicodeCharacter 


c:/Users/pablo/OneDrive/Github/cfa-power/docs/_tex/index.tex:1007: LaTeX Error: Unicode character ─ (U+2500)
               not set up for use with LaTeX.

See the LaTeX manual or LaTeX Companion for explanation.
Type  H <return>  for immediate help.
 ...                                              
                                                  
l.1007 ...�─────────────
                                                  
You may provide a definition with
\DeclareUnicodeCharacter 


c:/Users/pablo/OneDrive/Github/cfa-power/docs/_tex/index.tex:1007: LaTeX Error: Unicode character ─ (U+2500)
               not set up for use with LaTeX.

See the LaTeX manual or LaTeX Companion for explanation.
Type  H <return>  for immediate help.
 ...                                              
                                                  
l.1007 ...�─────────────
                                                  
You may provide a definition with
\DeclareUnicodeCharacter 


c:/Users/pablo/OneDrive/Github/cfa-power/docs/_tex/index.tex:1007: LaTeX Error: Unicode character ─ (U+2500)
               not set up for use with LaTeX.

See the LaTeX manual or LaTeX Companion for explanation.
Type  H <return>  for immediate help.
 ...                                              
                                                  
l.1007 ...�─────────────
                                                  
You may provide a definition with
\DeclareUnicodeCharacter 


c:/Users/pablo/OneDrive/Github/cfa-power/docs/_tex/index.tex:1007: LaTeX Error: Unicode character ─ (U+2500)
               not set up for use with LaTeX.

See the LaTeX manual or LaTeX Companion for explanation.
Type  H <return>  for immediate help.
 ...                                              
                                                  
l.1007 ...�─────────────
                                                  
You may provide a definition with
\DeclareUnicodeCharacter 


c:/Users/pablo/OneDrive/Github/cfa-power/docs/_tex/index.tex:1007: LaTeX Error: Unicode character ─ (U+2500)
               not set up for use with LaTeX.

See the LaTeX manual or LaTeX Companion for explanation.
Type  H <return>  for immediate help.
 ...                                              
                                                  
l.1007 ...�─────────────
                                                  
You may provide a definition with
\DeclareUnicodeCharacter 


c:/Users/pablo/OneDrive/Github/cfa-power/docs/_tex/index.tex:1007: LaTeX Error: Unicode character ─ (U+2500)
               not set up for use with LaTeX.

See the LaTeX manual or LaTeX Companion for explanation.
Type  H <return>  for immediate help.
 ...                                              
                                                  
l.1007 ...�─────────────
                                                  
You may provide a definition with
\DeclareUnicodeCharacter 


c:/Users/pablo/OneDrive/Github/cfa-power/docs/_tex/index.tex:1007: LaTeX Error: Unicode character ─ (U+2500)
               not set up for use with LaTeX.

See the LaTeX manual or LaTeX Companion for explanation.
Type  H <return>  for immediate help.
 ...                                              
                                                  
l.1007 ...�─────────────
                                                  
You may provide a definition with
\DeclareUnicodeCharacter 


c:/Users/pablo/OneDrive/Github/cfa-power/docs/_tex/index.tex:1007: LaTeX Error: Unicode character ─ (U+2500)
               not set up for use with LaTeX.

See the LaTeX manual or LaTeX Companion for explanation.
Type  H <return>  for immediate help.
 ...                                              
                                                  
l.1007 ...�─────────────
                                                  
You may provide a definition with
\DeclareUnicodeCharacter 


c:/Users/pablo/OneDrive/Github/cfa-power/docs/_tex/index.tex:1007: LaTeX Error: Unicode character ─ (U+2500)
               not set up for use with LaTeX.

See the LaTeX manual or LaTeX Companion for explanation.
Type  H <return>  for immediate help.
 ...                                              
                                                  
l.1007 ...�─────────────
                                                  
You may provide a definition with
\DeclareUnicodeCharacter 


c:/Users/pablo/OneDrive/Github/cfa-power/docs/_tex/index.tex:1007: LaTeX Error: Unicode character ─ (U+2500)
               not set up for use with LaTeX.

See the LaTeX manual or LaTeX Companion for explanation.
Type  H <return>  for immediate help.
 ...                                              
                                                  
l.1007 ...�─────────────
                                                  
You may provide a definition with
\DeclareUnicodeCharacter 


c:/Users/pablo/OneDrive/Github/cfa-power/docs/_tex/index.tex:1007: LaTeX Error: Unicode character ─ (U+2500)
               not set up for use with LaTeX.

See the LaTeX manual or LaTeX Companion for explanation.
Type  H <return>  for immediate help.
 ...                                              
                                                  
l.1007 ...�─────────────
                                                  
You may provide a definition with
\DeclareUnicodeCharacter 


c:/Users/pablo/OneDrive/Github/cfa-power/docs/_tex/index.tex:1007: LaTeX Error: Unicode character ─ (U+2500)
               not set up for use with LaTeX.

See the LaTeX manual or LaTeX Companion for explanation.
Type  H <return>  for immediate help.
 ...                                              
                                                  
l.1007 ...�─────────────
                                                  
You may provide a definition with
\DeclareUnicodeCharacter 


c:/Users/pablo/OneDrive/Github/cfa-power/docs/_tex/index.tex:1007: LaTeX Error: Unicode character ─ (U+2500)
               not set up for use with LaTeX.

See the LaTeX manual or LaTeX Companion for explanation.
Type  H <return>  for immediate help.
 ...                                              
                                                  
l.1007 ...�─────────────
                                                  
You may provide a definition with
\DeclareUnicodeCharacter 


c:/Users/pablo/OneDrive/Github/cfa-power/docs/_tex/index.tex:1007: LaTeX Error: Unicode character ─ (U+2500)
               not set up for use with LaTeX.

See the LaTeX manual or LaTeX Companion for explanation.
Type  H <return>  for immediate help.
 ...                                              
                                                  
l.1007 ...�─────────────
                                                  
You may provide a definition with
\DeclareUnicodeCharacter 


c:/Users/pablo/OneDrive/Github/cfa-power/docs/_tex/index.tex:1007: LaTeX Error: Unicode character ─ (U+2500)
               not set up for use with LaTeX.

See the LaTeX manual or LaTeX Companion for explanation.
Type  H <return>  for immediate help.
 ...                                              
                                                  
l.1007 ...�─────────────
                                                  
You may provide a definition with
\DeclareUnicodeCharacter 


c:/Users/pablo/OneDrive/Github/cfa-power/docs/_tex/index.tex:1007: LaTeX Error: Unicode character ─ (U+2500)
               not set up for use with LaTeX.

See the LaTeX manual or LaTeX Companion for explanation.
Type  H <return>  for immediate help.
 ...                                              
                                                  
l.1007 ...�─────────────
                                                  
You may provide a definition with
\DeclareUnicodeCharacter 


c:/Users/pablo/OneDrive/Github/cfa-power/docs/_tex/index.tex:1007: LaTeX Error: Unicode character ─ (U+2500)
               not set up for use with LaTeX.

See the LaTeX manual or LaTeX Companion for explanation.
Type  H <return>  for immediate help.
 ...                                              
                                                  
l.1007 ...�─────────────
                                                  
You may provide a definition with
\DeclareUnicodeCharacter 


c:/Users/pablo/OneDrive/Github/cfa-power/docs/_tex/index.tex:1007: LaTeX Error: Unicode character ─ (U+2500)
               not set up for use with LaTeX.

See the LaTeX manual or LaTeX Companion for explanation.
Type  H <return>  for immediate help.
 ...                                              
                                                  
l.1007 ...�─────────────
                                                  
You may provide a definition with
\DeclareUnicodeCharacter 


c:/Users/pablo/OneDrive/Github/cfa-power/docs/_tex/index.tex:1007: LaTeX Error: Unicode character ─ (U+2500)
               not set up for use with LaTeX.

See the LaTeX manual or LaTeX Companion for explanation.
Type  H <return>  for immediate help.
 ...                                              
                                                  
l.1007 ...�─────────────
                                                  
You may provide a definition with
\DeclareUnicodeCharacter 


c:/Users/pablo/OneDrive/Github/cfa-power/docs/_tex/index.tex:1010: LaTeX Error: Unicode character ─ (U+2500)
               not set up for use with LaTeX.

See the LaTeX manual or LaTeX Companion for explanation.
Type  H <return>  for immediate help.
 ...                                              
                                                  
l.1010 ...�─────────────
                                                  
You may provide a definition with
\DeclareUnicodeCharacter 


c:/Users/pablo/OneDrive/Github/cfa-power/docs/_tex/index.tex:1010: LaTeX Error: Unicode character ─ (U+2500)
               not set up for use with LaTeX.

See the LaTeX manual or LaTeX Companion for explanation.
Type  H <return>  for immediate help.
 ...                                              
                                                  
l.1010 ...�─────────────
                                                  
You may provide a definition with
\DeclareUnicodeCharacter 


c:/Users/pablo/OneDrive/Github/cfa-power/docs/_tex/index.tex:1010: LaTeX Error: Unicode character ─ (U+2500)
               not set up for use with LaTeX.

See the LaTeX manual or LaTeX Companion for explanation.
Type  H <return>  for immediate help.
 ...                                              
                                                  
l.1010 ...�─────────────
                                                  
You may provide a definition with
\DeclareUnicodeCharacter 


c:/Users/pablo/OneDrive/Github/cfa-power/docs/_tex/index.tex:1010: LaTeX Error: Unicode character ─ (U+2500)
               not set up for use with LaTeX.

See the LaTeX manual or LaTeX Companion for explanation.
Type  H <return>  for immediate help.
 ...                                              
                                                  
l.1010 ...�─────────────
                                                  
You may provide a definition with
\DeclareUnicodeCharacter 


c:/Users/pablo/OneDrive/Github/cfa-power/docs/_tex/index.tex:1010: LaTeX Error: Unicode character ─ (U+2500)
               not set up for use with LaTeX.

See the LaTeX manual or LaTeX Companion for explanation.
Type  H <return>  for immediate help.
 ...                                              
                                                  
l.1010 ...�─────────────
                                                  
You may provide a definition with
\DeclareUnicodeCharacter 


c:/Users/pablo/OneDrive/Github/cfa-power/docs/_tex/index.tex:1010: LaTeX Error: Unicode character ─ (U+2500)
               not set up for use with LaTeX.

See the LaTeX manual or LaTeX Companion for explanation.
Type  H <return>  for immediate help.
 ...                                              
                                                  
l.1010 ...�─────────────
                                                  
You may provide a definition with
\DeclareUnicodeCharacter 


c:/Users/pablo/OneDrive/Github/cfa-power/docs/_tex/index.tex:1010: LaTeX Error: Unicode character ─ (U+2500)
               not set up for use with LaTeX.

See the LaTeX manual or LaTeX Companion for explanation.
Type  H <return>  for immediate help.
 ...                                              
                                                  
l.1010 ...�─────────────
                                                  
You may provide a definition with
\DeclareUnicodeCharacter 


c:/Users/pablo/OneDrive/Github/cfa-power/docs/_tex/index.tex:1010: LaTeX Error: Unicode character ─ (U+2500)
               not set up for use with LaTeX.

See the LaTeX manual or LaTeX Companion for explanation.
Type  H <return>  for immediate help.
 ...                                              
                                                  
l.1010 ...�─────────────
                                                  
You may provide a definition with
\DeclareUnicodeCharacter 


c:/Users/pablo/OneDrive/Github/cfa-power/docs/_tex/index.tex:1010: LaTeX Error: Unicode character ─ (U+2500)
               not set up for use with LaTeX.

See the LaTeX manual or LaTeX Companion for explanation.
Type  H <return>  for immediate help.
 ...                                              
                                                  
l.1010 ...�─────────────
                                                  
You may provide a definition with
\DeclareUnicodeCharacter 


c:/Users/pablo/OneDrive/Github/cfa-power/docs/_tex/index.tex:1010: LaTeX Error: Unicode character ─ (U+2500)
               not set up for use with LaTeX.

See the LaTeX manual or LaTeX Companion for explanation.
Type  H <return>  for immediate help.
 ...                                              
                                                  
l.1010 ...�─────────────
                                                  
You may provide a definition with
\DeclareUnicodeCharacter 


c:/Users/pablo/OneDrive/Github/cfa-power/docs/_tex/index.tex:1010: LaTeX Error: Unicode character ─ (U+2500)
               not set up for use with LaTeX.

See the LaTeX manual or LaTeX Companion for explanation.
Type  H <return>  for immediate help.
 ...                                              
                                                  
l.1010 ...�─────────────
                                                  
You may provide a definition with
\DeclareUnicodeCharacter 


c:/Users/pablo/OneDrive/Github/cfa-power/docs/_tex/index.tex:1010: LaTeX Error: Unicode character ─ (U+2500)
               not set up for use with LaTeX.

See the LaTeX manual or LaTeX Companion for explanation.
Type  H <return>  for immediate help.
 ...                                              
                                                  
l.1010 ...�─────────────
                                                  
You may provide a definition with
\DeclareUnicodeCharacter 


c:/Users/pablo/OneDrive/Github/cfa-power/docs/_tex/index.tex:1010: LaTeX Error: Unicode character ─ (U+2500)
               not set up for use with LaTeX.

See the LaTeX manual or LaTeX Companion for explanation.
Type  H <return>  for immediate help.
 ...                                              
                                                  
l.1010 ...�─────────────
                                                  
You may provide a definition with
\DeclareUnicodeCharacter 


c:/Users/pablo/OneDrive/Github/cfa-power/docs/_tex/index.tex:1010: LaTeX Error: Unicode character ─ (U+2500)
               not set up for use with LaTeX.

See the LaTeX manual or LaTeX Companion for explanation.
Type  H <return>  for immediate help.
 ...                                              
                                                  
l.1010 ...�─────────────
                                                  
You may provide a definition with
\DeclareUnicodeCharacter 


c:/Users/pablo/OneDrive/Github/cfa-power/docs/_tex/index.tex:1010: LaTeX Error: Unicode character ─ (U+2500)
               not set up for use with LaTeX.

See the LaTeX manual or LaTeX Companion for explanation.
Type  H <return>  for immediate help.
 ...                                              
                                                  
l.1010 ...�─────────────
                                                  
You may provide a definition with
\DeclareUnicodeCharacter 


c:/Users/pablo/OneDrive/Github/cfa-power/docs/_tex/index.tex:1010: LaTeX Error: Unicode character ─ (U+2500)
               not set up for use with LaTeX.

See the LaTeX manual or LaTeX Companion for explanation.
Type  H <return>  for immediate help.
 ...                                              
                                                  
l.1010 ...�─────────────
                                                  
You may provide a definition with
\DeclareUnicodeCharacter 


c:/Users/pablo/OneDrive/Github/cfa-power/docs/_tex/index.tex:1010: LaTeX Error: Unicode character ─ (U+2500)
               not set up for use with LaTeX.

See the LaTeX manual or LaTeX Companion for explanation.
Type  H <return>  for immediate help.
 ...                                              
                                                  
l.1010 ...�─────────────
                                                  
You may provide a definition with
\DeclareUnicodeCharacter 


c:/Users/pablo/OneDrive/Github/cfa-power/docs/_tex/index.tex:1010: LaTeX Error: Unicode character ─ (U+2500)
               not set up for use with LaTeX.

See the LaTeX manual or LaTeX Companion for explanation.
Type  H <return>  for immediate help.
 ...                                              
                                                  
l.1010 ...�─────────────
                                                  
You may provide a definition with
\DeclareUnicodeCharacter 


c:/Users/pablo/OneDrive/Github/cfa-power/docs/_tex/index.tex:1010: LaTeX Error: Unicode character ─ (U+2500)
               not set up for use with LaTeX.

See the LaTeX manual or LaTeX Companion for explanation.
Type  H <return>  for immediate help.
 ...                                              
                                                  
l.1010 ...�─────────────
                                                  
You may provide a definition with
\DeclareUnicodeCharacter 


c:/Users/pablo/OneDrive/Github/cfa-power/docs/_tex/index.tex:1010: LaTeX Error: Unicode character ─ (U+2500)
               not set up for use with LaTeX.

See the LaTeX manual or LaTeX Companion for explanation.
Type  H <return>  for immediate help.
 ...                                              
                                                  
l.1010 ...�─────────────
                                                  
You may provide a definition with
\DeclareUnicodeCharacter 


c:/Users/pablo/OneDrive/Github/cfa-power/docs/_tex/index.tex:1010: LaTeX Error: Unicode character ─ (U+2500)
               not set up for use with LaTeX.

See the LaTeX manual or LaTeX Companion for explanation.
Type  H <return>  for immediate help.
 ...                                              
                                                  
l.1010 ...�─────────────
                                                  
You may provide a definition with
\DeclareUnicodeCharacter 


c:/Users/pablo/OneDrive/Github/cfa-power/docs/_tex/index.tex:1010: LaTeX Error: Unicode character ─ (U+2500)
               not set up for use with LaTeX.

See the LaTeX manual or LaTeX Companion for explanation.
Type  H <return>  for immediate help.
 ...                                              
                                                  
l.1010 ...�─────────────
                                                  
You may provide a definition with
\DeclareUnicodeCharacter 


c:/Users/pablo/OneDrive/Github/cfa-power/docs/_tex/index.tex:1010: LaTeX Error: Unicode character ─ (U+2500)
               not set up for use with LaTeX.

See the LaTeX manual or LaTeX Companion for explanation.
Type  H <return>  for immediate help.
 ...                                              
                                                  
l.1010 ...�─────────────
                                                  
You may provide a definition with
\DeclareUnicodeCharacter 


c:/Users/pablo/OneDrive/Github/cfa-power/docs/_tex/index.tex:1010: LaTeX Error: Unicode character ─ (U+2500)
               not set up for use with LaTeX.

See the LaTeX manual or LaTeX Companion for explanation.
Type  H <return>  for immediate help.
 ...                                              
                                                  
l.1010 ...�─────────────
                                                  
You may provide a definition with
\DeclareUnicodeCharacter 


c:/Users/pablo/OneDrive/Github/cfa-power/docs/_tex/index.tex:1010: LaTeX Error: Unicode character ─ (U+2500)
               not set up for use with LaTeX.

See the LaTeX manual or LaTeX Companion for explanation.
Type  H <return>  for immediate help.
 ...                                              
                                                  
l.1010 ...�─────────────
                                                  
You may provide a definition with
\DeclareUnicodeCharacter 


c:/Users/pablo/OneDrive/Github/cfa-power/docs/_tex/index.tex:1010: LaTeX Error: Unicode character ─ (U+2500)
               not set up for use with LaTeX.

See the LaTeX manual or LaTeX Companion for explanation.
Type  H <return>  for immediate help.
 ...                                              
                                                  
l.1010 ...�─────────────
                                                  
You may provide a definition with
\DeclareUnicodeCharacter 


c:/Users/pablo/OneDrive/Github/cfa-power/docs/_tex/index.tex:1010: LaTeX Error: Unicode character ─ (U+2500)
               not set up for use with LaTeX.

See the LaTeX manual or LaTeX Companion for explanation.
Type  H <return>  for immediate help.
 ...                                              
                                                  
l.1010 ...�─────────────
                                                  
You may provide a definition with
\DeclareUnicodeCharacter 


c:/Users/pablo/OneDrive/Github/cfa-power/docs/_tex/index.tex:1010: LaTeX Error: Unicode character ─ (U+2500)
               not set up for use with LaTeX.

See the LaTeX manual or LaTeX Companion for explanation.
Type  H <return>  for immediate help.
 ...                                              
                                                  
l.1010 ...�─────────────
                                                  
You may provide a definition with
\DeclareUnicodeCharacter 


c:/Users/pablo/OneDrive/Github/cfa-power/docs/_tex/index.tex:1010: LaTeX Error: Unicode character ─ (U+2500)
               not set up for use with LaTeX.

See the LaTeX manual or LaTeX Companion for explanation.
Type  H <return>  for immediate help.
 ...                                              
                                                  
l.1010 ...�─────────────
                                                  
You may provide a definition with
\DeclareUnicodeCharacter 


c:/Users/pablo/OneDrive/Github/cfa-power/docs/_tex/index.tex:1010: LaTeX Error: Unicode character ─ (U+2500)
               not set up for use with LaTeX.

See the LaTeX manual or LaTeX Companion for explanation.
Type  H <return>  for immediate help.
 ...                                              
                                                  
l.1010 ...�─────────────
                                                  
You may provide a definition with
\DeclareUnicodeCharacter 


c:/Users/pablo/OneDrive/Github/cfa-power/docs/_tex/index.tex:1010: LaTeX Error: Unicode character ─ (U+2500)
               not set up for use with LaTeX.

See the LaTeX manual or LaTeX Companion for explanation.
Type  H <return>  for immediate help.
 ...                                              
                                                  
l.1010 ...�─────────────
                                                  
You may provide a definition with
\DeclareUnicodeCharacter 


c:/Users/pablo/OneDrive/Github/cfa-power/docs/_tex/index.tex:1010: LaTeX Error: Unicode character ─ (U+2500)
               not set up for use with LaTeX.

See the LaTeX manual or LaTeX Companion for explanation.
Type  H <return>  for immediate help.
 ...                                              
                                                  
l.1010 ...�─────────────
                                                  
You may provide a definition with
\DeclareUnicodeCharacter 


c:/Users/pablo/OneDrive/Github/cfa-power/docs/_tex/index.tex:1010: LaTeX Error: Unicode character ─ (U+2500)
               not set up for use with LaTeX.

See the LaTeX manual or LaTeX Companion for explanation.
Type  H <return>  for immediate help.
 ...                                              
                                                  
l.1010 ...�─────────────
                                                  
You may provide a definition with
\DeclareUnicodeCharacter 


c:/Users/pablo/OneDrive/Github/cfa-power/docs/_tex/index.tex:1010: LaTeX Error: Unicode character ─ (U+2500)
               not set up for use with LaTeX.

See the LaTeX manual or LaTeX Companion for explanation.
Type  H <return>  for immediate help.
 ...                                              
                                                  
l.1010 ...�─────────────
                                                  
You may provide a definition with
\DeclareUnicodeCharacter 


c:/Users/pablo/OneDrive/Github/cfa-power/docs/_tex/index.tex:1010: LaTeX Error: Unicode character ─ (U+2500)
               not set up for use with LaTeX.

See the LaTeX manual or LaTeX Companion for explanation.
Type  H <return>  for immediate help.
 ...                                              
                                                  
l.1010 ...�─────────────
                                                  
You may provide a definition with
\DeclareUnicodeCharacter 


c:/Users/pablo/OneDrive/Github/cfa-power/docs/_tex/index.tex:1010: LaTeX Error: Unicode character ─ (U+2500)
               not set up for use with LaTeX.

See the LaTeX manual or LaTeX Companion for explanation.
Type  H <return>  for immediate help.
 ...                                              
                                                  
l.1010 ...�─────────────
                                                  
You may provide a definition with
\DeclareUnicodeCharacter 

<index_files/figure-latex/Scripts-AnalysisScripts-01_population_models-fig-diagram-analyzemodel-output-1.png, id=130, 578.16pt x 505.89pt>
File: index_files/figure-latex/Scripts-AnalysisScripts-01_population_models-fig-diagram-analyzemodel-output-1.png Graphic file (type png)
<use index_files/figure-latex/Scripts-AnalysisScripts-01_population_models-fig-diagram-analyzemodel-output-1.png>
Package pdftex.def Info: index_files/figure-latex/Scripts-AnalysisScripts-01_population_models-fig-diagram-analyzemodel-output-1.png  used on input line 1028.
(pdftex.def)             Requested size: 578.15858pt x 505.88875pt.
[18] [19 <./index_files/figure-latex/Scripts-AnalysisScripts-01_population_models-fig-diagram-analyzemodel-output-1.png>] [20]
<index_files/figure-latex/Scripts-AnalysisScripts-02_analytical_power-fig-apriori-rmsea-output-2.png, id=153, 505.89pt x 361.35pt>
File: index_files/figure-latex/Scripts-AnalysisScripts-02_analytical_power-fig-apriori-rmsea-output-2.png Graphic file (type png)
<use index_files/figure-latex/Scripts-AnalysisScripts-02_analytical_power-fig-apriori-rmsea-output-2.png>
Package pdftex.def Info: index_files/figure-latex/Scripts-AnalysisScripts-02_analytical_power-fig-apriori-rmsea-output-2.png  used on input line 1116.
(pdftex.def)             Requested size: 505.88875pt x 361.34912pt.
 [21 <./index_files/figure-latex/Scripts-AnalysisScripts-02_analytical_power-fig-apriori-rmsea-output-2.png>]

LaTeX Warning: Reference `fig-apriori-rmsea' on page 22 undefined on input line 1162.

[22]
<index_files/figure-latex/Scripts-AnalysisScripts-02_analytical_power-fig-apriori-popmodel-output-2.png, id=166, 505.89pt x 361.35pt>
File: index_files/figure-latex/Scripts-AnalysisScripts-02_analytical_power-fig-apriori-popmodel-output-2.png Graphic file (type png)
<use index_files/figure-latex/Scripts-AnalysisScripts-02_analytical_power-fig-apriori-popmodel-output-2.png>
Package pdftex.def Info: index_files/figure-latex/Scripts-AnalysisScripts-02_analytical_power-fig-apriori-popmodel-output-2.png  used on input line 1217.
(pdftex.def)             Requested size: 505.88875pt x 361.34912pt.
 [23 <./index_files/figure-latex/Scripts-AnalysisScripts-02_analytical_power-fig-apriori-popmodel-output-2.png>]
<index_files/figure-latex/Scripts-AnalysisScripts-02_analytical_power-fig-power-rmsea-output-1.png, id=174, 578.16pt x 361.35pt>
File: index_files/figure-latex/Scripts-AnalysisScripts-02_analytical_power-fig-power-rmsea-output-1.png Graphic file (type png)
<use index_files/figure-latex/Scripts-AnalysisScripts-02_analytical_power-fig-power-rmsea-output-1.png>
Package pdftex.def Info: index_files/figure-latex/Scripts-AnalysisScripts-02_analytical_power-fig-power-rmsea-output-1.png  used on input line 1266.
(pdftex.def)             Requested size: 578.15858pt x 361.34912pt.
 [24]
<index_files/figure-latex/Scripts-AnalysisScripts-02_analytical_power-fig-power-popmodel-output-1.png, id=182, 578.16pt x 361.35pt>
File: index_files/figure-latex/Scripts-AnalysisScripts-02_analytical_power-fig-power-popmodel-output-1.png Graphic file (type png)
<use index_files/figure-latex/Scripts-AnalysisScripts-02_analytical_power-fig-power-popmodel-output-1.png>
Package pdftex.def Info: index_files/figure-latex/Scripts-AnalysisScripts-02_analytical_power-fig-power-popmodel-output-1.png  used on input line 1302.
(pdftex.def)             Requested size: 578.15858pt x 361.34912pt.
 [25 <./index_files/figure-latex/Scripts-AnalysisScripts-02_analytical_power-fig-power-rmsea-output-1.png>]

LaTeX Warning: Reference `tbl-analytical-summary' on page 26 undefined on input line 1326.

[26 <./index_files/figure-latex/Scripts-AnalysisScripts-02_analytical_power-fig-power-popmodel-output-1.png>] [27]

LaTeX Warning: Reference `fig-fit-curve-ideal' on page 28 undefined on input line 1434.


LaTeX Warning: Reference `fig-power-curve-ideal' on page 28 undefined on input line 1435.

<index_files/figure-latex/Scripts-AnalysisScripts-03_simulation_ideal-fig-power-curve-ideal-output-1.png, id=207, 578.16pt x 361.35pt>
File: index_files/figure-latex/Scripts-AnalysisScripts-03_simulation_ideal-fig-power-curve-ideal-output-1.png Graphic file (type png)
<use index_files/figure-latex/Scripts-AnalysisScripts-03_simulation_ideal-fig-power-curve-ideal-output-1.png>
Package pdftex.def Info: index_files/figure-latex/Scripts-AnalysisScripts-03_simulation_ideal-fig-power-curve-ideal-output-1.png  used on input line 1443.
(pdftex.def)             Requested size: 578.15858pt x 361.34912pt.
[28 <./index_files/figure-latex/Scripts-AnalysisScripts-03_simulation_ideal-fig-power-curve-ideal-output-1.png>]
<index_files/figure-latex/Scripts-AnalysisScripts-03_simulation_ideal-fig-fit-curve-ideal-output-1.png, id=216, 578.16pt x 361.35pt>
File: index_files/figure-latex/Scripts-AnalysisScripts-03_simulation_ideal-fig-fit-curve-ideal-output-1.png Graphic file (type png)
<use index_files/figure-latex/Scripts-AnalysisScripts-03_simulation_ideal-fig-fit-curve-ideal-output-1.png>
Package pdftex.def Info: index_files/figure-latex/Scripts-AnalysisScripts-03_simulation_ideal-fig-fit-curve-ideal-output-1.png  used on input line 1469.
(pdftex.def)             Requested size: 578.15858pt x 361.34912pt.


LaTeX Warning: Reference `fig-fit-curve-ideal' on page 29 undefined on input line 1482.


LaTeX Warning: Reference `fig-power-curve-ideal' on page 29 undefined on input line 1489.

[29 <./index_files/figure-latex/Scripts-AnalysisScripts-03_simulation_ideal-fig-fit-curve-ideal-output-1.png>]

Package longtable Warning: Column widths have changed
(longtable)                in table 4 on input line 1512.

<index_files/figure-latex/Scripts-AnalysisScripts-03_simulation_ideal-fig-fit-curve-traditional-output-1.png, id=225, 578.16pt x 361.35pt>
File: index_files/figure-latex/Scripts-AnalysisScripts-03_simulation_ideal-fig-fit-curve-traditional-output-1.png Graphic file (type png)
<use index_files/figure-latex/Scripts-AnalysisScripts-03_simulation_ideal-fig-fit-curve-traditional-output-1.png>
Package pdftex.def Info: index_files/figure-latex/Scripts-AnalysisScripts-03_simulation_ideal-fig-fit-curve-traditional-output-1.png  used on input line 1547.
(pdftex.def)             Requested size: 578.15858pt x 361.34912pt.
[30]

LaTeX Warning: Reference `fig-fit-curve-traditional' on page 31 undefined on input line 1568.


LaTeX Warning: Reference `tbl-power-cutoff-traditional' on page 31 undefined on input line 1569.


Package longtable Warning: Column widths have changed
(longtable)                in table 5 on input line 1589.

[31 <./index_files/figure-latex/Scripts-AnalysisScripts-03_simulation_ideal-fig-fit-curve-traditional-output-1.png>]

Package longtable Warning: Column widths have changed
(longtable)                in table 6 on input line 1712.


ignored: Infinite glue shrinkage found in box being split [32] [33]

LaTeX Warning: Reference `tbl-power-n-ideal' on page 34 undefined on input line 1735.


Package longtable Warning: Column widths have changed
(longtable)                in table 7 on input line 1767.

[34]
Overfull \hbox (16.4118pt too wide) in alignment at lines 1817--1833
 [] [] [] [] [] [] 
 []


Package longtable Warning: Column widths have changed
(longtable)                in table 8 on input line 1833.

[35]
<index_files/figure-latex/Scripts-AnalysisScripts-03_simulation_ideal-fig-power-curve-naive-output-1.png, id=270, 578.16pt x 361.35pt>
File: index_files/figure-latex/Scripts-AnalysisScripts-03_simulation_ideal-fig-power-curve-naive-output-1.png Graphic file (type png)
<use index_files/figure-latex/Scripts-AnalysisScripts-03_simulation_ideal-fig-power-curve-naive-output-1.png>
Package pdftex.def Info: index_files/figure-latex/Scripts-AnalysisScripts-03_simulation_ideal-fig-power-curve-naive-output-1.png  used on input line 1923.
(pdftex.def)             Requested size: 578.15858pt x 361.34912pt.
<index_files/figure-latex/Scripts-AnalysisScripts-03_simulation_ideal-fig-fit-curve-naive-output-1.png, id=272, 578.16pt x 361.35pt>
File: index_files/figure-latex/Scripts-AnalysisScripts-03_simulation_ideal-fig-fit-curve-naive-output-1.png Graphic file (type png)
<use index_files/figure-latex/Scripts-AnalysisScripts-03_simulation_ideal-fig-fit-curve-naive-output-1.png>
Package pdftex.def Info: index_files/figure-latex/Scripts-AnalysisScripts-03_simulation_ideal-fig-fit-curve-naive-output-1.png  used on input line 1940.
(pdftex.def)             Requested size: 578.15858pt x 361.34912pt.
 [36 <./index_files/figure-latex/Scripts-AnalysisScripts-03_simulation_ideal-fig-power-curve-naive-output-1.png>]

Package longtable Warning: Column widths have changed
(longtable)                in table 10 on input line 1979.

[37 <./index_files/figure-latex/Scripts-AnalysisScripts-03_simulation_ideal-fig-fit-curve-naive-output-1.png>]
<index_files/figure-latex/Scripts-AnalysisScripts-03_simulation_ideal-fig-power-curve-opt-output-1.png, id=291, 578.16pt x 361.35pt>
File: index_files/figure-latex/Scripts-AnalysisScripts-03_simulation_ideal-fig-power-curve-opt-output-1.png Graphic file (type png)
<use index_files/figure-latex/Scripts-AnalysisScripts-03_simulation_ideal-fig-power-curve-opt-output-1.png>
Package pdftex.def Info: index_files/figure-latex/Scripts-AnalysisScripts-03_simulation_ideal-fig-power-curve-opt-output-1.png  used on input line 2011.
(pdftex.def)             Requested size: 578.15858pt x 361.34912pt.
<index_files/figure-latex/Scripts-AnalysisScripts-03_simulation_ideal-fig-fit-curve-opt-output-1.png, id=293, 578.16pt x 361.35pt>
File: index_files/figure-latex/Scripts-AnalysisScripts-03_simulation_ideal-fig-fit-curve-opt-output-1.png Graphic file (type png)
<use index_files/figure-latex/Scripts-AnalysisScripts-03_simulation_ideal-fig-fit-curve-opt-output-1.png>
Package pdftex.def Info: index_files/figure-latex/Scripts-AnalysisScripts-03_simulation_ideal-fig-fit-curve-opt-output-1.png  used on input line 2028.
(pdftex.def)             Requested size: 578.15858pt x 361.34912pt.
 [38 <./index_files/figure-latex/Scripts-AnalysisScripts-03_simulation_ideal-fig-power-curve-opt-output-1.png>]

Package longtable Warning: Column widths have changed
(longtable)                in table 11 on input line 2067.

[39 <./index_files/figure-latex/Scripts-AnalysisScripts-03_simulation_ideal-fig-fit-curve-opt-output-1.png>]
<index_files/figure-latex/Scripts-AnalysisScripts-04_simulation_robust-fig-power-curve-missing-output-1.png, id=311, 578.16pt x 361.35pt>
File: index_files/figure-latex/Scripts-AnalysisScripts-04_simulation_robust-fig-power-curve-missing-output-1.png Graphic file (type png)
<use index_files/figure-latex/Scripts-AnalysisScripts-04_simulation_robust-fig-power-curve-missing-output-1.png>
Package pdftex.def Info: index_files/figure-latex/Scripts-AnalysisScripts-04_simulation_robust-fig-power-curve-missing-output-1.png  used on input line 2126.
(pdftex.def)             Requested size: 578.15858pt x 361.34912pt.
 [40]
<index_files/figure-latex/Scripts-AnalysisScripts-04_simulation_robust-fig-fit-curve-missing-output-1.png, id=319, 578.16pt x 361.35pt>
File: index_files/figure-latex/Scripts-AnalysisScripts-04_simulation_robust-fig-fit-curve-missing-output-1.png Graphic file (type png)
<use index_files/figure-latex/Scripts-AnalysisScripts-04_simulation_robust-fig-fit-curve-missing-output-1.png>
Package pdftex.def Info: index_files/figure-latex/Scripts-AnalysisScripts-04_simulation_robust-fig-fit-curve-missing-output-1.png  used on input line 2143.
(pdftex.def)             Requested size: 578.15858pt x 361.34912pt.
 [41 <./index_files/figure-latex/Scripts-AnalysisScripts-04_simulation_robust-fig-power-curve-missing-output-1.png>]

Package longtable Warning: Column widths have changed
(longtable)                in table 12 on input line 2180.

[42 <./index_files/figure-latex/Scripts-AnalysisScripts-04_simulation_robust-fig-fit-curve-missing-output-1.png>]
<index_files/figure-latex/Scripts-AnalysisScripts-04_simulation_robust-fig-power-curve-nnorm-output-1.png, id=335, 578.16pt x 361.35pt>
File: index_files/figure-latex/Scripts-AnalysisScripts-04_simulation_robust-fig-power-curve-nnorm-output-1.png Graphic file (type png)
<use index_files/figure-latex/Scripts-AnalysisScripts-04_simulation_robust-fig-power-curve-nnorm-output-1.png>
Package pdftex.def Info: index_files/figure-latex/Scripts-AnalysisScripts-04_simulation_robust-fig-power-curve-nnorm-output-1.png  used on input line 2213.
(pdftex.def)             Requested size: 578.15858pt x 361.34912pt.
<index_files/figure-latex/Scripts-AnalysisScripts-04_simulation_robust-fig-fit-curve-nnorm-output-1.png, id=337, 578.16pt x 361.35pt>
File: index_files/figure-latex/Scripts-AnalysisScripts-04_simulation_robust-fig-fit-curve-nnorm-output-1.png Graphic file (type png)
<use index_files/figure-latex/Scripts-AnalysisScripts-04_simulation_robust-fig-fit-curve-nnorm-output-1.png>
Package pdftex.def Info: index_files/figure-latex/Scripts-AnalysisScripts-04_simulation_robust-fig-fit-curve-nnorm-output-1.png  used on input line 2235.
(pdftex.def)             Requested size: 578.15858pt x 361.34912pt.
 [43 <./index_files/figure-latex/Scripts-AnalysisScripts-04_simulation_robust-fig-power-curve-nnorm-output-1.png>]

Package longtable Warning: Column widths have changed
(longtable)                in table 13 on input line 2271.

[44 <./index_files/figure-latex/Scripts-AnalysisScripts-04_simulation_robust-fig-fit-curve-nnorm-output-1.png>]
<index_files/figure-latex/Scripts-AnalysisScripts-05_model_comparison-fig-power-curve-fixed-output-1.png, id=355, 578.16pt x 361.35pt>
File: index_files/figure-latex/Scripts-AnalysisScripts-05_model_comparison-fig-power-curve-fixed-output-1.png Graphic file (type png)
<use index_files/figure-latex/Scripts-AnalysisScripts-05_model_comparison-fig-power-curve-fixed-output-1.png>
Package pdftex.def Info: index_files/figure-latex/Scripts-AnalysisScripts-05_model_comparison-fig-power-curve-fixed-output-1.png  used on input line 2309.
(pdftex.def)             Requested size: 578.15858pt x 361.34912pt.


LaTeX Warning: Reference `tbl-power-cutoff-fixed' on page 45 undefined on input line 2329.

[45 <./index_files/figure-latex/Scripts-AnalysisScripts-05_model_comparison-fig-power-curve-fixed-output-1.png>]

Package longtable Warning: Column widths have changed
(longtable)                in table 14 on input line 2352.

<index_files/figure-latex/Scripts-AnalysisScripts-05_model_comparison-fig-curve-fixed-traditional-output-1.png, id=365, 578.16pt x 361.35pt>
File: index_files/figure-latex/Scripts-AnalysisScripts-05_model_comparison-fig-curve-fixed-traditional-output-1.png Graphic file (type png)
<use index_files/figure-latex/Scripts-AnalysisScripts-05_model_comparison-fig-curve-fixed-traditional-output-1.png>
Package pdftex.def Info: index_files/figure-latex/Scripts-AnalysisScripts-05_model_comparison-fig-curve-fixed-traditional-output-1.png  used on input line 2377.
(pdftex.def)             Requested size: 578.15858pt x 361.34912pt.
[46]

Package longtable Warning: Column widths have changed
(longtable)                in table 15 on input line 2407.

[47 <./index_files/figure-latex/Scripts-AnalysisScripts-05_model_comparison-fig-curve-fixed-traditional-output-1.png>]
<index_files/figure-latex/Scripts-AnalysisScripts-06_posthoc-fig-posthoc-plotpower-output-1.png, id=382, 578.16pt x 361.35pt>
File: index_files/figure-latex/Scripts-AnalysisScripts-06_posthoc-fig-posthoc-plotpower-output-1.png Graphic file (type png)
<use index_files/figure-latex/Scripts-AnalysisScripts-06_posthoc-fig-posthoc-plotpower-output-1.png>
Package pdftex.def Info: index_files/figure-latex/Scripts-AnalysisScripts-06_posthoc-fig-posthoc-plotpower-output-1.png  used on input line 2452.
(pdftex.def)             Requested size: 578.15858pt x 361.34912pt.
 [48 <./index_files/figure-latex/Scripts-AnalysisScripts-06_posthoc-fig-posthoc-plotpower-output-1.png>] [49]
<index_files/figure-latex/Scripts-AnalysisScripts-06_posthoc-fig-posthoc-rmsea-output-2.png, id=398, 578.16pt x 361.35pt>
File: index_files/figure-latex/Scripts-AnalysisScripts-06_posthoc-fig-posthoc-rmsea-output-2.png Graphic file (type png)
<use index_files/figure-latex/Scripts-AnalysisScripts-06_posthoc-fig-posthoc-rmsea-output-2.png>
Package pdftex.def Info: index_files/figure-latex/Scripts-AnalysisScripts-06_posthoc-fig-posthoc-rmsea-output-2.png  used on input line 2525.
(pdftex.def)             Requested size: 578.15858pt x 361.34912pt.
 [50 <./index_files/figure-latex/Scripts-AnalysisScripts-06_posthoc-fig-posthoc-rmsea-output-2.png>]
<index_files/figure-latex/Scripts-AnalysisScripts-06_posthoc-fig-posthoc-realmodel-output-2.png, id=407, 578.16pt x 361.35pt>
File: index_files/figure-latex/Scripts-AnalysisScripts-06_posthoc-fig-posthoc-realmodel-output-2.png Graphic file (type png)
<use index_files/figure-latex/Scripts-AnalysisScripts-06_posthoc-fig-posthoc-realmodel-output-2.png>
Package pdftex.def Info: index_files/figure-latex/Scripts-AnalysisScripts-06_posthoc-fig-posthoc-realmodel-output-2.png  used on input line 2582.
(pdftex.def)             Requested size: 578.15858pt x 361.34912pt.
 [51] [52 <./index_files/figure-latex/Scripts-AnalysisScripts-06_posthoc-fig-posthoc-realmodel-output-2.png>]
<index_files/figure-latex/Scripts-AnalysisScripts-06_posthoc-fig-posthoc-misspec-output-3.png, id=420, 578.16pt x 361.35pt>
File: index_files/figure-latex/Scripts-AnalysisScripts-06_posthoc-fig-posthoc-misspec-output-3.png Graphic file (type png)
<use index_files/figure-latex/Scripts-AnalysisScripts-06_posthoc-fig-posthoc-misspec-output-3.png>
Package pdftex.def Info: index_files/figure-latex/Scripts-AnalysisScripts-06_posthoc-fig-posthoc-misspec-output-3.png  used on input line 2638.
(pdftex.def)             Requested size: 578.15858pt x 361.34912pt.
 [53 <./index_files/figure-latex/Scripts-AnalysisScripts-06_posthoc-fig-posthoc-misspec-output-3.png>] [54] [55]

Package longtable Warning: Table widths have changed. Rerun LaTeX.

(./index.aux)
 ***********
LaTeX2e <2025-11-01>
L3 programming layer <2026-03-20>
 ***********


LaTeX Warning: There were undefined references.


LaTeX Warning: Label(s) may have changed. Rerun to get cross-references right.

 ) 
Here is how much of TeX's memory you used:
 36034 strings out of 467349
 753031 string characters out of 5407741
 1337121 words of memory out of 5000000
 64216 multiletter control sequences out of 15000+600000
 698596 words of font info for 203 fonts, out of 8000000 for 9000
 1141 hyphenation exceptions out of 8191
 108i,9n,108p,11278b,955s stack positions out of 10000i,1000n,20000p,200000b,200000s
<c:/Users/pablo/AppData/Roaming/TinyTeX/texmf-dist/fonts/type1/public/fontawesome5/FontAwesome5Free-Solid.pfb><c:/Users/pablo/AppData/Roaming/TinyTeX/texmf-dist/fonts/type1/public/lm/lmbx10.pfb><c:/Users/pablo/AppData/Roaming/TinyTeX/texmf-dist/fonts/type1/public/lm/lmex10.pfb><c:/Users/pablo/AppData/Roaming/TinyTeX/texmf-dist/fonts/type1/public/lm/lmmi10.pfb><c:/Users/pablo/AppData/Roaming/TinyTeX/texmf-dist/fonts/type1/public/lm/lmmi8.pfb><c:/Users/pablo/AppData/Roaming/TinyTeX/texmf-dist/fonts/type1/public/lm/lmr10.pfb><c:/Users/pablo/AppData/Roaming/TinyTeX/texmf-dist/fonts/type1/public/lm/lmr12.pfb><c:/Users/pablo/AppData/Roaming/TinyTeX/texmf-dist/fonts/type1/public/lm/lmr8.pfb><c:/Users/pablo/AppData/Roaming/TinyTeX/texmf-dist/fonts/type1/public/lm/lmri10.pfb><c:/Users/pablo/AppData/Roaming/TinyTeX/texmf-dist/fonts/type1/public/lm/lmssbx10.pfb><c:/Users/pablo/AppData/Roaming/TinyTeX/texmf-dist/fonts/type1/public/lm/lmsy10.pfb><c:/Users/pablo/AppData/Roaming/TinyTeX/texmf-dist/fonts/type1/public/lm/lmsy8.pfb><c:/Users/pablo/AppData/Roaming/TinyTeX/texmf-dist/fonts/type1/public/lm/lmtt10.pfb>
Output written on index.pdf (55 pages, 1170086 bytes).
PDF statistics:
 713 PDF objects out of 1000 (max. 8388607)
 572 compressed objects within 6 object streams
 163 named destinations out of 1000 (max. 500000)
 37319 words of extra memory for PDF output out of 42996 (max. 10000000)

